id,serial,name,iccid,type,online,status,deviceos_version,firmware_version,last_handshake,last_heard,notes
e00fce68f336a45ffc3dcab7,P044AD349DY2PUC,pwt_0299,89883070000037585856,Boron,true,normal,4.2.0,40,2025-10-24T05:15:25.476Z,2025-10-24T05:16:18.062Z,
e00fce68c7a12a65a82d4971,P044AD349NPEYRK,pwt_0262,89883070000039847692,Boron,true,normal,4.2.0,40,2025-10-24T05:12:25.109Z,2025-10-24T05:13:39.829Z,
e00fce681874cd43d0a3f05d,P044AD348K25HVU,pwt_0322,89883070000037554688,Boron,true,normal,4.2.0,40,2025-10-24T05:08:57.906Z,2025-10-24T05:09:44.189Z,
e00fce6858b1be96feea0d60,P044AD335R9V45T,pwt_0209,89883070000037145644,Boron,true,normal,4.2.0,40,2025-10-24T04:47:16.404Z,2025-10-24T05:10:43.622Z,
e00fce68e317db7cd6a1ebf1,P044AD348Y8J436,pwt_0360,89883070000040125278,Boron,true,normal,4.2.0,40,2025-10-24T04:39:22.085Z,2025-10-24T05:03:17.998Z,
e00fce68e5a46fa24a05f8d9,B40HAD103B6JKCY,pwt_0161,89014103272806325417,Boron,true,normal,4.2.0,40,2025-10-24T04:27:51.933Z,2025-10-24T05:16:18.571Z,
e00fce68285ef2b0ac7fcd11,P044AD348HTJKWA,pwt_0369,89883070000039799877,Boron,true,normal,4.2.0,40,2025-10-24T03:12:55.529Z,2025-10-24T05:07:17.982Z,
e00fce6870c98bcce72305df,P044AD335VPYEMT,pwt_0199,89883070000037616354,Boron,true,normal,4.2.0,40,2025-10-24T02:32:58.410Z,2025-10-24T05:15:05.509Z,
e00fce68915f3aa12b126411,P044AD349BG2N89,pwt_0254,89883070000037592761,Boron,true,normal,4.2.0,40,2025-10-24T02:15:06.744Z,2025-10-24T04:57:13.952Z,
e00fce68ccf49efc8cbd2214,P044AD349PLFG2U,pwt_0339,89883070000037585849,Boron,true,normal,4.2.0,40,2025-10-24T01:36:30.786Z,2025-10-24T05:05:18.464Z,
e00fce682f27ec2579ab9bf0,P044AD349UAR6YH,pwt_0334,89883070000039841315,Boron,true,normal,4.2.0,40,2025-10-24T00:25:20.541Z,2025-10-24T05:02:18.979Z,
e00fce687845f86dd1113472,P044AD348LUYCE9,pwt_0283,89883070000039845498,Boron,true,normal,4.2.0,40,2025-10-24T00:05:14.089Z,2025-10-24T05:05:42.739Z,
e00fce688f1207980ec9aca0,B40HAD103NAKCRB,pwt_0137,89014103273166789903,Boron,true,normal,4.2.0,40,2025-10-23T23:21:27.703Z,2025-10-24T05:00:43.015Z,
e00fce68438e5f9e9393555a,P044AD349VGRHBW,pwt_0309,89883070000039846009,Boron,true,normal,4.2.0,40,2025-10-23T23:06:12.129Z,2025-10-24T05:01:19.394Z,
e00fce68a9e9cd953d3c157f,P044AD335VGC4H6,pwt_0217,89883070000037615752,Boron,true,normal,4.2.0,40,2025-10-23T22:08:35.027Z,2025-10-24T04:59:43.772Z,
e00fce68def4d5aeb85d1e96,P044AD349HYMBTC,pwt_0294,89883070000037585443,Boron,true,normal,4.2.0,40,2025-10-23T21:51:50.110Z,2025-10-24T05:00:19.205Z,
e00fce6856359ea1d7aa23cf,P044AD349UT2BSC,pwt_0393,89883070000037590567,Boron,true,normal,4.2.0,40,2025-10-23T21:47:27.611Z,2025-10-24T05:00:18.509Z,
e00fce6832c7342898d7d42c,B40HAD102VBP7RF,pwt_0139,89014103273166793046,Boron,true,normal,4.2.0,40,2025-10-23T21:45:50.165Z,2025-10-24T04:59:56.748Z,
e00fce6802e3433728f9f524,B40HAD102MG7TSV,pwt_0032,89014103273166791073,Boron,true,normal,4.2.0,40,2025-10-23T21:31:47.493Z,2025-10-24T05:00:17.996Z,
e00fce686a08dae4eaa11645,P044AD3494YRP5N,pwt_0258,89883070000039841406,Boron,true,normal,4.2.0,40,2025-10-23T21:31:29.680Z,2025-10-24T05:00:17.681Z,
e00fce68a0336289254c379f,B40HAD103VNHMFK,pwt_0129,89014103272806325235,Boron,true,normal,4.2.0,40,2025-10-23T21:30:31.676Z,2025-10-24T05:00:42.902Z,
e00fce68cd0a529e1d9acc2c,P044AD244TAHU89,pwt_0119,89883070000013129166,Boron,true,normal,4.2.0,40,2025-10-23T21:28:58.996Z,2025-10-24T05:01:17.996Z,
e00fce6826b79c97b227fb6f,P044AD335YBXUSE,pwt_0216,89883070000037623822,Boron,true,normal,4.2.0,40,2025-10-23T21:24:51.762Z,2025-10-24T04:59:56.748Z,
e00fce68e9c4d816bcefbf2d,B40HAD102XTBE5L,pwt_0126,89014103273166789820,Boron,true,normal,4.2.0,40,2025-10-23T21:22:34.553Z,2025-10-24T04:59:42.806Z,
e00fce68413b6540883f3e05,P044AD243K8X46U,pwt_0061,89883070000036167110,Boron,true,normal,4.2.0,40,2025-10-23T21:18:26.101Z,2025-10-24T04:59:44.052Z,
e00fce6877151194fa79cafb,B40HAD103DBYEM2,pwt_0130,89014103273166799696,Boron,true,normal,4.2.0,40,2025-10-23T21:18:12.727Z,2025-10-24T04:56:37.286Z,
e00fce68e68d739d788f217d,B40HAD2148MEKYT,pwt_0053,89014103273526019447,Boron,true,normal,4.2.0,40,2025-10-23T21:17:11.197Z,2025-10-24T05:00:17.456Z,
e00fce680dbfd1d12c0f7afc,P044AD3492E5GT4,pwt_0353,89883070000037589320,Boron,true,normal,4.2.0,40,2025-10-23T21:15:54.321Z,2025-10-24T04:59:43.791Z,
e00fce68e3bb8c46af375e6d,P044AD3492VSPT8,pwt_0351,89883070000037590476,Boron,true,normal,4.2.0,40,2025-10-23T21:15:31.428Z,2025-10-24T05:00:19.205Z,
e00fce68a6e4a66969124520,P044AD348NCBSF7,pwt_0377,89883070000040120865,Boron,true,normal,4.2.0,40,2025-10-23T21:14:58.029Z,2025-10-24T05:00:42.902Z,
e00fce6881877303e11cc51f,B40HAB0265AST92,pwt_0063,89014103272316884887,Boron,true,normal,4.2.0,40,2025-10-23T21:13:52.254Z,2025-10-24T04:59:42.894Z,
e00fce682a021d056c18838e,P044AD349S59BDL,pwt_0311,89883070000040121418,Boron,true,normal,4.2.0,40,2025-10-23T21:13:23.464Z,2025-10-24T05:00:18.509Z,
e00fce68e80ff6074547b598,P044AD244P4FM2A,pwt_0068,89883070000036151346,Boron,true,normal,4.2.0,40,2025-10-23T21:10:11.395Z,2025-10-24T05:00:18.639Z,
e00fce68b94420323e06985d,P044AD348BXES5R,pwt_0359,89883070000040120659,Boron,true,normal,4.2.0,40,2025-10-23T21:08:25.801Z,2025-10-24T05:04:05.505Z,
e00fce684cc27b33491c841f,B40TVN946JV5763,pwt_0059,89014103271529141929,Boron,true,normal,4.2.0,40,2025-10-23T21:02:17.856Z,2025-10-24T05:00:18.509Z,
e00fce68feec5a9bf8e49cac,P044AD3493N26AK,pwt_0272,89883070000037591474,Boron,true,normal,4.2.0,40,2025-10-23T21:01:15.921Z,2025-10-24T05:00:18.462Z,
e00fce68b3adb70a222fdb47,B40HAD1026DMNE2,pwt_0149,89014103273166794564,Boron,true,normal,4.2.0,40,2025-10-23T20:59:40.327Z,2025-10-24T05:00:18.155Z,
e00fce6805e25b9df0238009,B40TAD016YBLAGN,pwt_0150,89014103272316851753,Boron,true,normal,4.2.0,40,2025-10-23T20:56:22.331Z,2025-10-24T04:59:44.828Z,
e00fce6835343646488d9ece,B40HAD103F2MXKG,pwt_0020,89014103273166802243,Boron,true,normal,4.2.0,40,2025-10-23T20:53:23.136Z,2025-10-24T04:57:43.014Z,
e00fce68743c72b48b3d97fc,B40HAD214VXST94,pwt_0041,89014103273526016641,Boron,true,normal,4.2.0,40,2025-10-23T20:52:02.136Z,2025-10-24T04:59:44.185Z,
e00fce68e82ca9e3214618d1,P044AD3489A5X4C,pwt_0338,89883070000040126201,Boron,true,normal,4.2.0,40,2025-10-23T20:51:27.207Z,2025-10-24T05:01:17.457Z,
e00fce68cca8132fa35bacce,P044AD3494U6N7L,pwt_0335,89883070000039840754,Boron,true,normal,4.2.0,40,2025-10-23T20:51:22.320Z,2025-10-24T05:00:18.537Z,
e00fce68f3bc7e89bf0b913e,B40HAD103G8VXL7,pwt_0135,89014103273166793087,Boron,true,normal,4.2.0,40,2025-10-23T20:48:10.330Z,2025-10-24T04:59:18.054Z,
e00fce68502e7b8203ef3dbb,P044AD3357DHNF4,pwt_0202,89883070000037615513,Boron,true,normal,4.2.0,40,2025-10-23T20:47:40.982Z,2025-10-24T05:00:44.187Z,
e00fce680e3162690db80ea0,P044AD349YRCMJS,pwt_0271,89883070000037591946,Boron,true,normal,4.2.0,40,2025-10-23T20:44:19.761Z,2025-10-24T04:59:42.727Z,
e00fce68c6a54365f0f2564c,P044AD349LTRPUH,pwt_0401,89883070000037591680,Boron,true,normal,4.2.0,40,2025-10-23T20:43:59.230Z,2025-10-24T05:00:42.807Z,
e00fce686cd598c9e7f2aaf2,P044AD3352NCVL3,pwt_0226,89883070000037392576,Boron,true,normal,4.2.0,40,2025-10-23T20:42:34.921Z,2025-10-24T05:04:44.187Z,
e00fce68be78791196e881ae,P044AD3355HBJRK,pwt_0235,89883070000037614995,Boron,true,normal,4.2.0,40,2025-10-23T20:39:33.933Z,2025-10-24T05:00:19.205Z,
e00fce68c55b7d124d7fc34f,P044AD3092JFDG7,pwt_0175,89883070000036202859,Boron,true,normal,4.2.0,40,2025-10-23T20:38:12.175Z,2025-10-24T05:00:17.954Z,
e00fce686cfe380afd33a9b7,P044AD309VJPSM2,pwt_0107,89883070000021704323,Boron,true,normal,4.2.0,40,2025-10-23T20:34:12.156Z,2025-10-24T05:00:42.902Z,
e00fce6833d6c66b15dc3eda,B40HAD10336HG5S,pwt_0039,89014103272806321952,Boron,true,normal,4.2.0,40,2025-10-23T20:33:56.227Z,2025-10-24T04:59:42.806Z,
e00fce68a43f553fe1c5d1cd,P044AD349FYTXGM,pwt_0284,89883070000037587050,Boron,true,normal,4.2.0,40,2025-10-23T20:32:51.911Z,2025-10-24T05:00:18.509Z,
e00fce6883cd099d9243b097,P044AD349NKL9FG,pwt_0354,89883070000039846371,Boron,true,normal,4.2.0,40,2025-10-23T20:32:40.487Z,2025-10-24T05:00:44.980Z,
e00fce68c563086ee142debd,P044AD2432KEYNM,pwt_0166,89883070000036164935,Boron,true,normal,4.2.0,40,2025-10-23T20:31:44.871Z,2025-10-24T05:10:13.955Z,
e00fce68baaf0f1bf814c60a,P044AD335EH97SR,pwt_0204,89883070000037619226,Boron,true,normal,4.2.0,40,2025-10-23T20:27:11.748Z,2025-10-24T05:00:56.749Z,
e00fce68148b9d0cc1f741b5,P044AD335E3FA2V,pwt_0244,89883070000037615372,Boron,true,normal,4.2.0,40,2025-10-23T20:26:36.870Z,2025-10-24T05:00:19.394Z,
e00fce68d432c97d05ebeda9,P044AD309U2DA8Y,pwt_0174,89883070000021700990,Boron,true,normal,4.2.0,40,2025-10-23T20:26:11.141Z,2025-10-24T04:59:43.772Z,
e00fce682026f5afa213b6bf,P044AD335BHG3MV,pwt_0201,89883070000037617394,Boron,true,normal,4.2.0,40,2025-10-23T20:23:35.052Z,2025-10-24T04:59:43.065Z,
e00fce68f3f3a4928915e123,P044AD3492X87KB,pwt_0396,89883070000040121293,Boron,true,normal,4.2.0,40,2025-10-23T20:21:43.139Z,2025-10-24T05:00:17.996Z,
e00fce68f09d3d55064799cf,P044AD335BYUHN7,pwt_0245,89883070000037620034,Boron,true,normal,4.2.0,40,2025-10-23T20:21:30.748Z,2025-10-24T05:00:18.537Z,
e00fce68d35e1fa006826e6f,P044AD3487PAC9M,pwt_0356,89883070000040127035,Boron,true,normal,4.2.0,40,2025-10-23T20:19:49.533Z,2025-10-24T05:00:18.979Z,
e00fce68dda95da2d64fe02d,P044AD335LG8YR5,pwt_0212,89883070000037623350,Boron,true,normal,4.2.0,40,2025-10-23T20:18:24.363Z,2025-10-24T05:07:46.436Z,
e00fce681a3adc8e6851b98b,P044AD348MW6PND,pwt_0279,89883070000039845530,Boron,true,normal,4.2.0,40,2025-10-23T20:15:00.683Z,2025-10-24T05:00:18.979Z,
e00fce689c966ce4ed89fb46,B40HAD102URTAF2,pwt_0131,89014103273166799902,Boron,true,normal,4.2.0,40,2025-10-23T20:14:08.797Z,2025-10-24T04:59:48.905Z,
e00fce68ace963935eb827f1,P044AD349BG9CAS,pwt_0288,89883070000037591086,Boron,true,normal,4.2.0,40,2025-10-23T20:13:52.891Z,2025-10-24T04:59:43.015Z,
e00fce68069d0a4733f854e4,P044AD349X4J26R,pwt_0298,89883070000040121145,Boron,true,normal,4.2.0,40,2025-10-23T20:06:22.474Z,2025-10-24T05:00:18.155Z,
e00fce6811968cafbe3d9a6b,P044AD349NMDJY4,pwt_0278,89883070000037585963,Boron,true,normal,4.2.0,40,2025-10-23T20:06:19.935Z,2025-10-24T05:00:17.698Z,
e00fce6807c30faf5357d2aa,P044AD348H4M8KG,pwt_0346,89883070000037589767,Boron,true,normal,4.2.0,40,2025-10-23T20:02:21.125Z,2025-10-24T05:00:19.394Z,
e00fce68c2ee419bf103d31e,P044AD349KNCMGU,pwt_0270,89883070000039848005,Boron,true,normal,4.2.0,40,2025-10-23T20:00:06.240Z,2025-10-24T05:00:18.462Z,
e00fce68cf5c1bbf75e13f81,B40HAD103JRAY54,pwt_0124,89014103273166802292,Boron,true,normal,4.2.0,40,2025-10-23T19:59:13.200Z,2025-10-24T05:07:43.773Z,
e00fce68a8aeae51842e2232,P044AD348H3JCPT,pwt_0382,89883070000040122432,Boron,true,normal,4.2.0,40,2025-10-23T19:57:06.913Z,2025-10-24T05:12:44.846Z,
e00fce681da3eeb60e3fb36f,P044AD348VTX3NU,pwt_0293,89883070000039802507,Boron,true,normal,4.2.0,40,2025-10-23T19:56:15.700Z,2025-10-24T05:00:17.977Z,
e00fce685068762fc7ab9f76,P044AD24386LVUX,pwt_0086,89883070000036167060,Boron,true,normal,4.2.0,40,2025-10-23T19:55:48.893Z,2025-10-24T05:00:48.905Z,
e00fce6836fc8092722f510b,P044AD309M2U3WN,pwt_0104,89883070000036197513,Boron,true,normal,4.2.0,40,2025-10-23T19:55:11.287Z,2025-10-24T05:00:19.205Z,
e00fce680bbf0cb49f9fbdb8,B40HAD10279YHGN,pwt_0031,89014103273166803118,Boron,true,normal,4.2.0,40,2025-10-23T19:53:14.843Z,2025-10-24T05:10:42.893Z,
e00fce688412d13a42bed841,P044AD3492NSTXF,pwt_0255,89883070000039840846,Boron,true,normal,4.2.0,40,2025-10-23T19:52:19.053Z,2025-10-24T04:59:42.727Z,
e00fce68ae4e2a9fc2a48001,B40HAD102P87TU6,pwt_0145,89014103273166800460,Boron,true,normal,4.2.0,40,2025-10-23T19:49:18.002Z,2025-10-24T05:15:17.958Z,
e00fce68468f8febd608c357,B40HAD102FE7TKR,pwt_0064,89014103273166792220,Boron,true,normal,4.2.0,40,2025-10-23T19:47:58.093Z,2025-10-24T05:00:17.954Z,
e00fce688a6db33691ad3ac6,B40HAD102RWH9L6,pwt_0033,89014103273166791727,Boron,true,normal,4.2.0,40,2025-10-23T19:45:46.569Z,2025-10-24T05:00:17.698Z,
e00fce68b56fe4b9d63096e3,P044AD349U3HFWX,pwt_0313,89883070000039848229,Boron,true,normal,4.2.0,40,2025-10-23T19:44:48.482Z,2025-10-24T04:59:46.433Z,
e00fce68f59d9ac58970347f,P044AD335AML6SK,pwt_0206,89883070000037615778,Boron,true,normal,4.2.0,40,2025-10-23T19:37:40.657Z,2025-10-24T05:11:18.511Z,
e00fce68acfd0ef0e8fe3c6c,P044AD349ABN9US,pwt_0260,89883070000039846090,Boron,true,normal,4.2.0,40,2025-10-23T19:34:45.608Z,2025-10-24T05:00:20.451Z,
e00fce688af2e786e1ac46b9,P044AD3485T6F9M,pwt_0306,89883070000040124206,Boron,true,normal,4.2.0,40,2025-10-23T19:34:14.649Z,2025-10-24T05:02:17.699Z,
e00fce68a5985588f66f1eb3,B40TAD016SMB7VF,pwt_0050,89014103272316840186,Boron,true,normal,4.2.0,40,2025-10-23T19:28:18.400Z,2025-10-24T04:59:43.791Z,
e00fce682ccee0c37be13b64,P044AD348P8LH6V,pwt_0384,89883070000039846884,Boron,true,normal,4.2.0,40,2025-10-23T19:26:43.887Z,2025-10-24T04:59:44.980Z,
e00fce68627041caf0ac08a1,B40HAD1027CNHDS,pwt_0164,89014103273166792816,Boron,true,normal,4.2.0,40,2025-10-23T19:22:56.085Z,2025-10-24T04:59:46.433Z,
e00fce682681193bc449ce1b,P044AD348CY2LU3,pwt_0277,89883070000039803356,Boron,true,normal,4.2.0,40,2025-10-23T19:21:22.542Z,2025-10-24T05:00:17.698Z,
e00fce68850c72cbb3b28713,B40HAD102F4MKSA,pwt_0027,89014103273166798250,Boron,true,normal,4.2.0,40,2025-10-23T19:05:27.163Z,2025-10-24T05:00:43.620Z,
e00fce6842c1735396790555,P044AD244R3PGJK,pwt_0060,89883070000036146262,Boron,true,normal,4.2.0,40,2025-10-23T19:04:24.479Z,2025-10-24T05:00:56.749Z,
e00fce6894ce172970bff889,P044AD335V9YFA5,pwt_0233,89883070000037615851,Boron,true,normal,4.2.0,40,2025-10-23T19:01:51.146Z,2025-10-24T05:12:18.002Z,
e00fce689c8cafd44b14b003,P044AD335S3XACH,pwt_0242,89883070000037619390,Boron,true,normal,4.2.0,40,2025-10-23T18:36:52.409Z,2025-10-24T05:00:17.456Z,
e00fce68614f7e8a2e74073c,B40HAD103G635JX,pwt_0157,89014103273166791933,Boron,true,normal,4.2.0,40,2025-10-23T17:50:39.427Z,2025-10-24T04:59:44.185Z,
e00fce68c8fdfbfd8dd2ae3e,B40HAD103X3PT9L,pwt_0134,89014103273166798805,Boron,true,normal,4.2.0,40,2025-10-23T17:01:16.159Z,2025-10-24T05:17:13.956Z,
e00fce68a81385a42b5574e8,P044AD348US3NV5,pwt_0350,89883070000039845563,Boron,false,normal,4.2.0,40,2025-10-23T16:42:08.906Z,2025-10-23T16:42:45.522Z,
e00fce6818d11216ee41715e,P044AD348WHTES7,pwt_0312,89883070000040120113,Boron,true,normal,4.2.0,40,2025-10-23T16:31:01.398Z,2025-10-24T05:00:18.509Z,
e00fce68e4ba56f1b8d79d67,B40HAD103YWKF35,pwt_0125,89014103273166798516,Boron,true,normal,4.2.0,40,2025-10-23T16:11:03.888Z,2025-10-24T04:59:48.905Z,
e00fce685e5e8cd25b28b5a1,P044AD349F64MLW,pwt_0273,89883070000039842214,Boron,true,normal,4.2.0,40,2025-10-23T15:14:26.327Z,2025-10-24T05:00:18.054Z,
e00fce68ad5dab84a1f8d567,B40TAD016GFRP6J,pwt_0138,89014103272316840210,Boron,true,normal,4.2.0,40,2025-10-23T14:46:27.282Z,2025-10-24T05:00:37.286Z,
e00fce68f82ae9b26a0e9a09,P044AD348E7RFKY,pwt_0280,89883070000039804461,Boron,true,normal,4.2.0,40,2025-10-23T13:32:40.906Z,2025-10-24T05:00:42.810Z,
e00fce68a308abd7c88bd93b,P044AD244CNX342,pwt_0167,89883070000036148300,Boron,true,normal,4.2.0,40,2025-10-23T12:16:11.619Z,2025-10-24T05:00:37.286Z,
e00fce6898f775635293b878,P044AD335V5UGAP,pwt_0222,89883070000037614201,Boron,true,normal,4.2.0,40,2025-10-23T08:01:44.094Z,2025-10-24T05:00:18.155Z,
e00fce68350f7cb3eb031bce,P044AD2446JCUX4,pwt_0065,89883070000036168589,Boron,true,normal,4.2.0,40,2025-10-23T06:17:02.310Z,2025-10-24T04:59:42.806Z,
e00fce685903c876f2078682,P044AD348YTUL4B,pwt_0296,89883070000039802101,Boron,true,normal,4.2.0,40,2025-10-23T04:43:55.893Z,2025-10-24T04:59:43.620Z,
e00fce688b945c55dbdfd794,P044AD243D95ESC,pwt_0081,89883070000036165429,Boron,true,normal,4.2.0,40,2025-10-23T03:20:51.059Z,2025-10-24T05:00:44.053Z,
e00fce68cb6bcdb9409b4e07,B40HAD1024BMH7X,pwt_0043,89014103273166790877,Boron,true,normal,4.2.0,33,2025-10-23T00:25:44.437Z,2025-10-24T05:00:18.537Z,
e00fce683714c71374d5177f,P044AD348GNHRL2,pwt_0352,89883070000037584107,Boron,true,normal,4.2.0,40,2025-10-22T21:55:54.870Z,2025-10-24T05:00:43.015Z,
e00fce6837a15e67fdd1a26f,P044AD3484YBKHL,pwt_0385,89883070000039843212,Boron,true,normal,4.2.0,40,2025-10-22T21:50:31.100Z,2025-10-24T05:00:18.462Z,
e00fce68ef441c1ba353b605,P044AD243YUKV9D,pwt_0085,89883070000036165460,Boron,true,normal,4.2.0,40,2025-10-22T21:25:59.528Z,2025-10-24T05:17:42.812Z,
e00fce68557963311eeedfc3,B40HAD102XCUAES,pwt_0042,89014103273166792576,Boron,true,normal,4.2.0,40,2025-10-22T20:57:14.803Z,2025-10-24T05:03:42.892Z,
e00fce68c2f1b8436cdcd02e,B40HAD102NLHPXU,pwt_0165,89014103273166803092,Boron,true,normal,4.2.0,40,2025-10-22T17:50:23.272Z,2025-10-24T05:16:18.571Z,
e00fce68233d9cf4b2a9c781,P044AD348PLNEB2,pwt_0358,89883070000037585567,Boron,true,normal,4.2.0,40,2025-10-22T16:01:51.787Z,2025-10-24T05:01:44.828Z,
e00fce688183331fb1a3e59e,P044AD244KPMV6R,pwt_0170,89883070000036148482,Boron,true,normal,4.2.0,40,2025-10-22T15:33:29.468Z,2025-10-24T04:59:43.791Z,
e00fce68b97616f3aebf37f9,P044AD349G6N259,pwt_0324,89883070000039801186,Boron,true,normal,4.2.0,40,2025-10-22T15:14:48.662Z,2025-10-24T05:00:47.132Z,
e00fce68c9d933f28a908d4e,P044AD349JA26CW,pwt_0316,89883070000039844889,Boron,true,normal,4.2.0,40,2025-10-22T14:19:01.699Z,2025-10-24T05:00:18.462Z,
e00fce68950e77a26f77775c,P044AD349YL43KW,pwt_0249,89883070000039841422,Boron,true,normal,4.2.0,40,2025-10-22T13:21:40.976Z,2025-10-24T05:00:19.394Z,
e00fce685554e3144a799480,B40HAD1025NWKV8,pwt_0159,89014103273166799936,Boron,false,normal,4.2.0,40,2025-10-22T12:52:40.804Z,2025-10-23T20:14:41.364Z,
e00fce689fede6e7940c1311,P044AD348DLJ2BR,pwt_0386,89883070000037584032,Boron,true,normal,4.2.0,40,2025-10-22T12:38:47.643Z,2025-10-24T05:00:17.681Z,
e00fce68bf1f64f045644e1a,B40HAD103CFEBHT,pwt_0030,89014103272806325276,Boron,true,normal,4.2.0,40,2025-10-22T11:29:55.929Z,2025-10-24T04:59:42.894Z,
e00fce68afa90fedefc2691f,B40HAD102XEA6WM,pwt_0158,89014103273166792246,Boron,true,normal,4.2.0,40,2025-10-22T11:03:10.479Z,2025-10-24T05:00:17.681Z,
e00fce6845463574338ac4e3,B40HAD103NSDBRX,pwt_0133,89014103273166802367,Boron,true,normal,4.2.0,40,2025-10-22T10:07:20.800Z,2025-10-24T04:59:43.065Z,
e00fce68165512cd915b418b,B40HAD103K9658Y,pwt_0143,89014103272806325284,Boron,true,normal,4.2.0,40,2025-10-22T09:09:00.725Z,2025-10-24T05:08:17.957Z,
e00fce6835057b813cc1f17d,B40HAD102ABSKDR,pwt_0028,89014103273166799910,Boron,true,normal,4.2.0,40,2025-10-22T08:27:12.459Z,2025-10-24T05:00:18.054Z,
e00fce68345373e2eed10c90,P044AD335PECYSG,pwt_0224,89883070000037623368,Boron,true,normal,4.2.0,40,2025-10-22T04:49:17.870Z,2025-10-24T05:17:42.812Z,
e00fce68addfac414d18503a,B40HAB027P8NRDB,pwt_0057,89014103272316880331,Boron,true,normal,4.2.0,40,2025-10-22T03:49:49.017Z,2025-10-24T04:59:18.155Z,
e00fce68f1d03192fad42e47,P044AD309KG7VTN,pwt_0441,89883070000021703762,Boron,false,normal,4.2.0,40,2025-10-22T02:30:20.946Z,2025-10-22T02:33:39.454Z,
e00fce6809989085f38a0a56,P044AD3096KN8FS,pwt_0440,89883070000021704984,Boron,false,normal,4.2.0,40,2025-10-22T02:26:59.381Z,2025-10-22T02:30:15.470Z,
e00fce681e935f49fb17bf28,P044AD3075D9JLG,pwt_0439,89883070000013099385,Boron,false,normal,4.2.0,40,2025-10-22T02:23:56.529Z,2025-10-22T02:28:40.628Z,
e00fce682951db4cb573066d,P044AD309S8AY7H,pwt_0438,89883070000021701899,Boron,false,normal,4.2.0,40,2025-10-22T02:20:14.096Z,2025-10-22T02:24:35.029Z,
e00fce6808f40bdeb69e5e68,P044AD307A25LBW,pwt_0437,89883070000013102106,Boron,false,normal,4.2.0,40,2025-10-22T02:17:12.830Z,2025-10-22T02:20:39.365Z,
e00fce683cf18b6649a4e6b1,P044AD309A65CEY,pwt_0436,89883070000036202107,Boron,false,normal,4.2.0,40,2025-10-22T02:13:14.839Z,2025-10-22T02:16:39.453Z,
e00fce6899b56c58ebad7b25,P044AD307T6DBGL,pwt_0435,89883070000013098189,Boron,false,normal,4.2.0,40,2025-10-22T02:07:34.039Z,2025-10-22T02:11:15.404Z,
e00fce6866e71eede893a101,P044AD303SDPX5J,pwt_0434,89883070000013098924,Boron,false,normal,4.2.0,40,2025-10-22T02:03:18.826Z,2025-10-22T02:08:15.063Z,
e00fce68e638839b243a69eb,P044AD307D4LMJ8,pwt_0433,89883070000013104094,Boron,false,normal,4.2.0,40,2025-10-22T01:57:02.914Z,2025-10-22T02:04:35.028Z,
e00fce68a36138b71c3096eb,P044AD307E3FBN9,pwt_0432,89883070000013094287,Boron,false,normal,4.2.0,40,2025-10-22T01:51:12.983Z,2025-10-22T01:57:14.996Z,
e00fce6859de9e5ec2ab46bb,P044AD349BP6LAS,pwt_0252,89883070000037590021,Boron,true,normal,4.2.0,40,2025-10-22T00:43:12.063Z,2025-10-24T05:00:18.979Z,
e00fce6888863c31d48a4b41,B40HAD103UBAT76,pwt_0151,89014103272806325227,Boron,true,normal,4.2.0,40,2025-10-21T21:01:28.965Z,2025-10-24T05:00:18.537Z,
e00fce6822d20c7638f2e126,P044AD348CMVBE8,pwt_0291,89883070000039845464,Boron,true,normal,4.2.0,40,2025-10-21T18:14:56.203Z,2025-10-24T05:00:18.155Z,
e00fce68118e3090b25be059,P044AD348KUMA2E,pwt_0310,89883070000039801335,Boron,true,normal,4.2.0,40,2025-10-21T16:19:26.893Z,2025-10-24T05:00:27.051Z,
e00fce687a07941c84313068,P044AD348ES2C67,pwt_0282,89883070000037584115,Boron,true,normal,4.2.0,40,2025-10-21T15:48:57.778Z,2025-10-24T05:08:17.762Z,
e00fce68d4bc15553d1bca81,P044AD244FBXLJW,pwt_0082,89883070000036172987,Boron,true,normal,4.2.0,40,2025-10-21T15:31:47.963Z,2025-10-24T05:00:48.181Z,
e00fce68490f79acf3436560,P044AD335CMJVSP,pwt_0223,89883070000037392840,Boron,true,normal,4.2.0,40,2025-10-21T11:58:33.753Z,2025-10-24T05:00:21.318Z,
e00fce6899de73aa3fcbea15,P044AD244P9J8VC,pwt_0084,89883070000036149118,Boron,true,normal,4.2.0,40,2025-10-21T09:32:46.180Z,2025-10-24T05:00:12.997Z,
e00fce680d07f52baa8df290,B40TVN946347UF6,pwt_0049,89014103271784254110,Boron,true,normal,4.2.0,40,2025-10-21T08:03:07.873Z,2025-10-24T05:00:34.034Z,
e00fce6882b838e52eb2b15e,P044AD33539SBCJ,pwt_0210,89883070000037614110,Boron,false,normal,4.2.0,40,2025-10-21T06:39:17.432Z,2025-10-21T18:19:37.596Z,
e00fce6830e2c25a463691a1,P044AD349WJA9RG,pwt_0276,89883070000039841414,Boron,false,normal,4.2.0,40,2025-10-20T21:30:27.280Z,2025-10-22T04:38:15.696Z,
e00fce688cd995b2cb1d8d2c,P044AD348J7GH2N,pwt_0397,89883070000039848278,Boron,false,normal,4.2.0,40,2025-10-20T21:16:47.351Z,2025-10-20T21:17:31.721Z,
e00fce68e5d1547dc00c992b,P044AD348BVE8KR,pwt_0323,89883070000037587332,Boron,false,normal,4.2.0,40,2025-10-20T06:37:46.086Z,2025-10-21T11:05:45.233Z,
e00fce685541b92b81fe6661,P044AD348HL7JBV,pwt_0372,89883070000039799869,Boron,false,normal,4.2.0,40,2025-10-18T23:02:52.355Z,2025-10-18T23:04:22.398Z,
e00fce68e186265eaffe3ef1,P044AD335XD2GU4,pwt_0330,89883070000037392717,Boron,false,normal,4.2.0,40,2025-10-18T18:37:29.531Z,2025-10-20T08:43:26.977Z,
e00fce68c38bc4446c9eb1ba,P044AD348BGYJCU,pwt_0343,89883070000039847122,Boron,false,normal,4.2.0,40,2025-10-18T05:27:22.975Z,2025-10-19T19:54:33.582Z,
e00fce688cac05447c8d1450,P044AD348PDJV74,pwt_0381,89883070000040119743,Boron,false,normal,4.2.0,40,2025-10-17T16:14:12.357Z,2025-10-18T16:24:38.692Z,
e00fce6817a0dcaf9b1ed58a,B40HAD103H6J8V2,pwt_0016,89014103273166803258,Boron,false,normal,4.2.0,40,2025-10-16T10:54:14.406Z,2025-10-17T17:09:47.712Z,
e00fce684631e4e8a42f461f,P044AD349L62PU5,pwt_0268,89883070000037592811,Boron,false,normal,4.2.0,40,2025-10-15T19:25:06.567Z,2025-10-17T15:18:45.284Z,
e00fce68ef83ce13dccc5060,P044AD348247GEB,pwt_0431,89883070000040120303,Boron,false,normal,6.3.3,undefined,2025-10-15T17:03:22.809Z,2025-10-15T17:27:11.353Z,
e00fce68b544dfb816ed702c,P044AD349DNLVKM,pwt_0363,89883070000037588835,Boron,false,normal,4.2.0,40,2025-10-15T15:55:26.337Z,2025-10-15T19:13:52.359Z,
e00fce68438fb6a8379998d2,P044AD348G82PSR,pwt_0374,89883070000037554639,Boron,false,normal,4.2.0,40,2025-10-14T20:55:07.642Z,2025-10-16T20:36:38.620Z,
e00fce683b36a40bb24bc29c,P044AD349L6VX9U,pwt_0317,89883070000039842453,Boron,false,normal,4.2.0,40,2025-10-14T08:30:44.855Z,2025-10-14T13:30:34.617Z,
e00fce68d932422b5a978d04,P044AD33578PX2V,pwt_0239,89883070000037623434,Boron,false,normal,4.2.0,40,2025-10-12T16:58:27.679Z,2025-10-13T16:47:16.360Z,
e00fce68a247514abeb18861,P044AD348CJ5RVX,pwt_0349,89883070000037593421,Boron,false,normal,4.2.0,40,2025-10-10T18:16:45.407Z,2025-10-10T18:17:30.988Z,
e00fce68ae70fb65f458a6db,P044AD348RJLGB9,pwt_0379,89883070000037588603,Boron,false,normal,4.2.0,40,2025-10-10T16:57:41.079Z,2025-10-10T16:58:45.953Z,
e00fce68fb17d7186dbd0a08,P044AD33532VE8R,pwt_0208,89883070000037623459,Boron,false,normal,4.2.0,40,2025-10-10T07:54:29.046Z,2025-10-12T19:28:32.900Z,
e00fce68a76c99351bf0ef55,P044AD335289JXE,pwt_0207,89883070000037393376,Boron,false,normal,4.2.0,40,2025-10-10T07:23:34.877Z,2025-10-10T14:55:01.944Z,
e00fce682e4502bcfaa53b1f,P044AD335N72GSD,pwt_0246,89883070000037619853,Boron,false,normal,4.2.0,40,2025-10-09T18:25:59.001Z,2025-10-09T19:12:33.813Z,
e00fce680647878a8a246c20,P044AD335XSYV2J,pwt_0200,89883070000037393392,Boron,false,normal,4.2.0,40,2025-10-09T18:20:34.693Z,2025-10-10T01:56:14.368Z,
e00fce68407a64d8bbeb9248,P044AD3497GX9EJ,pwt_0325,89883070000037587043,Boron,false,normal,4.2.0,40,2025-10-09T09:40:02.966Z,2025-10-10T19:28:05.003Z,
e00fce6848324e02a1262531,P044AD30956PNSX,pwt_0171,89883070000036201315,Boron,false,normal,4.2.0,40,2025-10-09T00:54:23.872Z,2025-10-10T14:55:30.836Z,
e00fce68c0534b667f1b28b5,P044AD3485U8LGK,pwt_0376,89883070000037554282,Boron,false,normal,4.2.0,40,2025-10-08T20:57:55.277Z,2025-10-09T15:20:44.584Z,
e00fce68a82ba8d61359f245,P044AD348N5CAWY,pwt_0366,89883070000039799901,Boron,false,normal,4.2.0,40,2025-10-08T20:05:38.700Z,2025-10-08T20:06:17.459Z,
e00fce68f4cc1baad05ee952,P044AD3099YF8KC,pwt_0218,89883070000036202677,Boron,false,normal,4.2.0,40,2025-10-07T22:34:45.784Z,2025-10-08T03:05:16.753Z,
e00fce681c9939cd609cbb97,P044AD34848WCFH,pwt_0399,89883070000040125872,Boron,false,normal,4.2.0,40,2025-10-07T16:51:20.585Z,2025-10-07T16:51:57.960Z,
e00fce680477836279cdd716,P044AD3495LA38D,pwt_0253,89883070000039841117,Boron,false,normal,4.2.0,40,2025-10-07T09:41:50.958Z,2025-10-10T05:46:13.841Z,
e00fce68a302360c3287f745,P044AD3494W97TS,pwt_0286,89883070000037585898,Boron,false,normal,4.2.0,40,2025-10-07T06:45:30.973Z,2025-10-09T17:33:25.756Z,
e00fce68a8a4e5ccda189128,P044AD349KJWFUC,pwt_0305,89883070000037588918,Boron,false,normal,4.2.0,40,2025-10-07T03:21:42.793Z,2025-10-07T17:55:56.495Z,
e00fce681092767c98bb9159,P044AD3093N26CJ,pwt_0229,89883070000036201265,Boron,false,normal,4.2.0,40,2025-10-06T23:28:34.426Z,2025-10-09T04:13:43.893Z,
e00fce6893158aa20cb5bde3,P044AD3353K9SYR,pwt_0232,89883070000037623186,Boron,false,normal,4.2.0,40,2025-10-06T20:50:35.734Z,2025-10-09T17:09:32.755Z,
e00fce6889955ab2740f0d79,P044AD335SYKXJE,pwt_0195,89883070000037614128,Boron,false,normal,4.2.0,40,2025-10-06T20:44:23.832Z,2025-10-09T15:20:26.967Z,
e00fce6841669ff479a14fda,P044AD348795JYG,pwt_0398,89883070000039800469,Boron,false,normal,4.2.0,40,2025-10-06T16:29:26.111Z,2025-10-06T16:29:55.708Z,
e00fce68d0bd35fe462c17bb,P044AD3485H73T2,pwt_0304,89883070000039800113,Boron,false,normal,4.2.0,40,2025-10-06T12:12:04.909Z,2025-10-08T19:05:08.917Z,
e00fce68f8f578e6d401320d,P044AD3492GCXPE,pwt_0321,89883070000037585765,Boron,false,normal,4.2.0,40,2025-10-06T11:51:07.700Z,2025-10-06T14:10:08.566Z,
e00fce68d086dba81a1c6ce6,P044AD243HLTFG2,pwt_0120,89883070000036166856,Boron,false,normal,4.2.0,40,2025-10-06T07:44:26.929Z,2025-10-09T01:51:57.592Z,
e00fce68bf12135e29298723,P044AD335W8D6PJ,pwt_0236,89883070000037618228,Boron,false,normal,4.2.0,40,2025-10-05T23:50:51.151Z,2025-10-06T04:10:48.159Z,
e00fce68d88d21a1fc136e24,P044AD349N9LB5P,pwt_0392,89883070000037585641,Boron,false,normal,4.2.0,40,2025-10-05T20:48:09.919Z,2025-10-05T20:49:09.364Z,
e00fce68dc480e65a9d93ad2,P044AD3496E9CN7,pwt_0287,89883070000037585450,Boron,false,normal,4.2.0,40,2025-10-04T23:41:39.450Z,2025-10-06T22:55:56.572Z,
e00fce68ebce7f1042cce8c8,P044AD348RTBMLS,pwt_0387,89883070000039847189,Boron,false,normal,4.2.0,40,2025-10-04T14:30:12.400Z,2025-10-04T14:30:12.400Z,
e00fce68854456f3d91b54b1,P044AD348VNL3TS,pwt_0383,89883070000040124420,Boron,false,normal,4.2.0,40,2025-10-01T20:17:37.882Z,2025-10-03T15:41:47.553Z,
e00fce6886fefdd45ff15449,P044AD348WT3L54,pwt_0341,89883070000039799208,Boron,false,normal,4.2.0,40,2025-10-01T18:35:05.888Z,2025-10-01T18:35:18.146Z,
e00fce686882f75331658a54,P044AD335HRNY3M,pwt_0198,89883070000037619929,Boron,false,normal,4.2.0,40,2025-09-30T14:35:16.812Z,2025-10-02T19:05:23.076Z,
e00fce68254ed9871d86052d,P044AD348L536RJ,pwt_0289,89883070000037592266,Boron,false,normal,4.2.0,40,2025-09-30T02:43:08.470Z,2025-10-01T11:27:43.815Z,
e00fce68ceac11278daecc0a,P044AD349GHYDUJ,pwt_0274,89883070000037591284,Boron,false,normal,4.2.0,40,2025-09-29T00:50:48.644Z,2025-10-01T06:54:56.917Z,
e00fce68fb30cbca51550558,P044AD335A7623M,pwt_0215,89883070000037621016,Boron,false,normal,4.2.0,40,2025-09-28T23:50:23.952Z,2025-09-29T04:36:32.624Z,
e00fce68eada483ac5cb1d40,P044AD348GYUCWX,pwt_0367,89883070000037584636,Boron,false,normal,4.2.0,40,2025-09-28T15:18:12.045Z,2025-09-29T19:05:41.809Z,
e00fce685e9ebd456a369bf1,P044AD309J5H976,pwt_0230,89883070000013198823,Boron,false,normal,4.2.0,40,2025-09-28T02:27:09.226Z,2025-09-28T02:27:37.969Z,
e00fce685666c57ebf56429d,B40HAD102H6WC7K,pwt_0093,89014103273166789028,Boron,false,normal,4.2.0,40,2025-09-27T15:03:08.544Z,2025-09-28T11:53:05.420Z,
e00fce68e12e241b6e329847,P044AD3494B2DL8,pwt_0329,89883070000037585526,Boron,false,normal,4.2.0,40,2025-09-25T13:20:05.142Z,2025-09-25T13:47:35.260Z,
e00fce688a6530d82f20df5a,P044AD2449DUSTR,pwt_0122,89883070000036143236,Boron,false,normal,4.2.0,40,2025-09-24T22:18:59.855Z,2025-09-25T06:55:29.621Z,
e00fce682738c95104248335,B40HAD102HLP2VD,pwt_0048,89014103273166799860,Boron,false,normal,4.2.0,40,2025-09-23T19:59:46.695Z,2025-09-26T14:08:57.983Z,
e00fce68ed6b1cccd9e744e8,P044AD349NDJ9HB,pwt_0336,89883070000037590849,Boron,false,normal,4.2.0,40,2025-09-22T16:30:08.247Z,2025-09-24T09:56:36.727Z,
e00fce681f8be0795b668ff3,P044AD348XRS6ML,pwt_0390,89883070000039798937,Boron,false,normal,4.2.0,40,2025-09-22T05:49:56.543Z,2025-09-23T03:05:36.660Z,
e00fce684781775533c403d8,P044AD2446XSF35,pwt_0087,89883070000036145058,Boron,false,normal,4.2.0,40,2025-09-21T18:28:38.405Z,2025-09-22T17:32:52.208Z,
e00fce688ede2a68a7502c7b,P044AD348LUJGAN,pwt_0303,89883070000040123570,Boron,false,normal,4.2.0,40,2025-09-21T18:23:54.232Z,2025-09-23T03:04:44.903Z,
e00fce684820d747671c891b,P044AD3094DBART,pwt_0219,89883070000036201307,Boron,false,normal,4.2.0,40,2025-09-18T01:07:34.713Z,2025-09-19T05:45:57.093Z,
e00fce68acbf8e6366578708,P044AD309UVWXNT,pwt_0109,89883070000021703473,Boron,false,normal,4.2.0,40,2025-09-17T20:55:38.712Z,2025-09-18T11:53:10.848Z,
e00fce68a42018968671c50b,P044AD335V8C4EA,pwt_0318,89883070000037615364,Boron,false,normal,4.2.0,40,2025-09-16T19:26:17.295Z,2025-09-16T19:26:17.295Z,
e00fce686b86c9527a64f045,P044AD349EB4MS3,pwt_0348,89883070000039846710,Boron,false,normal,4.2.0,40,2025-09-15T15:57:00.211Z,2025-09-17T17:33:22.318Z,
e00fce6887f61b7c469fd3b8,P044AD348AKHJE3,pwt_0388,89883070000039847387,Boron,false,normal,4.2.0,40,2025-09-14T16:02:08.420Z,2025-09-17T13:48:08.980Z,
e00fce68c032f51e1560ee47,P044AD348R8EBHX,pwt_0380,89883070000040125799,Boron,false,normal,4.2.0,40,2025-09-13T01:46:31.167Z,2025-09-13T19:25:57.765Z,
e00fce68012e7be6576793a1,P044AD348TAPGL2,pwt_0328,89883070000039847098,Boron,false,normal,4.2.0,40,2025-09-07T16:28:25.606Z,2025-09-09T22:08:51.935Z,
e00fce68b59dc97dc8cb69ee,P044AD348K8HUS6,pwt_0389,89883070000037554654,Boron,false,normal,4.2.0,40,2025-08-27T17:52:48.187Z,2025-08-27T17:53:51.387Z,
e00fce68de08842ff2b90fc5,B40TAD016N5CR6E,pwt_0156,89014103272316845979,Boron,false,normal,4.2.0,40,2025-08-27T07:21:58.591Z,2025-08-29T09:33:05.301Z,
e00fce68a887ac3072935026,P044AD309AF5UXY,pwt_0344,89883070000013202641,Boron,false,normal,4.2.0,40,2025-08-24T01:38:13.831Z,2025-08-24T13:00:12.494Z,
e00fce687f01155ee98b77f0,P044AD349MBDYXR,pwt_0285,89883070000037585518,Boron,false,normal,4.2.0,40,2025-08-24T00:58:25.767Z,2025-08-24T03:41:44.716Z,
e00fce68852b17ab6aa00655,P044AD335T52KEY,pwt_0211,89883070000037616347,Boron,false,normal,4.2.0,40,2025-08-22T02:53:44.551Z,2025-08-22T13:02:55.084Z,
e00fce688fb3dcd8baab344d,P044AD348WDGTBL,pwt_0378,89883070000039846868,Boron,false,normal,4.2.0,40,2025-08-21T19:35:51.757Z,2025-08-21T22:27:00.458Z,
e00fce68d6ef88e3822f2bae,P044AD348LM2FC8,pwt_0371,89883070000039847734,Boron,false,normal,4.2.0,40,2025-08-19T14:29:23.481Z,2025-08-20T18:18:53.337Z,
e00fce68942a20a7739f5418,P044AD348DAWFUC,pwt_0365,89883070000040119404,Boron,false,normal,4.2.0,40,2025-08-18T17:48:26.340Z,2025-08-18T17:48:35.570Z,
e00fce6882d64ca7c24e8290,P044AD349VG4AME,pwt_0295,89883070000037585757,Boron,false,normal,4.2.0,40,2025-08-18T15:52:28.128Z,2025-08-21T11:05:15.520Z,
e00fce680d6007241b4e90cb,B40HAD103CKPYD5,pwt_0052,89014103272806324741,Boron,false,normal,4.2.0,40,2025-08-16T10:59:26.095Z,2025-08-16T17:33:32.704Z,
e00fce68b36da37bf8f229d6,P044AD348AS8BPF,pwt_0375,89883070000039843493,Boron,false,normal,4.2.0,40,2025-08-14T19:56:14.427Z,2025-08-14T19:57:58.561Z,
e00fce683f821cf68f6bb586,P044AD349WBR28V,pwt_0364,89883070000037589015,Boron,false,normal,4.2.0,40,2025-08-14T17:39:12.085Z,2025-08-14T17:40:15.079Z,
e00fce68c8a7572d79a166c2,P044AD349V3UWLC,pwt_0297,89883070000037589189,Boron,false,normal,4.2.0,40,2025-08-10T14:26:06.821Z,2025-08-12T16:24:06.237Z,
e00fce68e4c69207dfbb2b05,P044AD3353Y259H,pwt_0227,89883070000037615927,Boron,false,normal,4.2.0,40,2025-08-08T17:49:35.820Z,2025-08-11T12:37:19.495Z,
e00fce689065c5a05b593bcb,B40HAB026XC79NU,pwt_0132,89014103272316878210,Boron,false,normal,4.2.0,40,2025-08-07T12:45:53.591Z,2025-08-07T19:51:26.006Z,
e00fce6829fc523a475d301b,P044AD348UWL76T,pwt_0394,89883070000039800444,Boron,false,normal,4.2.0,40,2025-08-07T05:06:28.508Z,2025-08-07T21:00:34.831Z,
e00fce68b636d1e5356289ee,P044AD348ANF4T5,pwt_0320,89883070000039846157,Boron,false,normal,4.2.0,40,2025-08-02T13:37:47.846Z,2025-08-03T15:20:02.681Z,
e00fce68482f2b96fa7181cc,P044AD2439PDJ4N,pwt_0118,89883070000013133234,Boron,false,normal,4.2.0,40,2025-07-30T00:16:20.529Z,2025-07-31T12:14:19.182Z,
e00fce689ff841c5f6debfe3,P044AD349G2HUV3,pwt_0281,89883070000037587092,Boron,false,normal,4.2.0,40,2025-07-24T19:58:25.881Z,2025-07-24T23:09:50.267Z,
e00fce681de6a9be41fe1e13,P044AD348WY4RFL,pwt_0400,89883070000040120691,Boron,false,normal,4.2.0,40,2025-07-23T20:03:56.418Z,2025-07-23T20:05:16.319Z,
e00fce68f91c02d08931f3c8,P044AD349KANV7H,pwt_0395,89883070000037593710,Boron,false,normal,4.2.0,40,2025-07-23T19:57:56.635Z,2025-07-23T19:59:15.287Z,
e00fce68183186190f431419,B40HAD102SLKAXB,pwt_0051,89014103273166810915,Boron,false,normal,4.2.0,40,2025-07-19T22:07:22.877Z,2025-07-20T22:09:15.457Z,
e00fce686749d84cd67499b0,P044AD348BY93MU,pwt_0319,89883070000040122846,Boron,false,normal,4.2.0,40,2025-07-12T02:22:18.793Z,2025-07-14T06:32:09.825Z,
e00fce68be6f34629e597805,P044AD349JMSXB6,pwt_0332,89883070000040120394,Boron,false,normal,4.2.0,40,2025-07-04T11:41:40.020Z,2025-07-04T18:41:59.939Z,
e00fce680944f36d05e1cd9a,P044AD244VX7FT4,pwt_0083,89883070000013129182,Boron,false,normal,4.2.0,40,2025-07-02T15:21:41.685Z,2025-07-05T11:05:17.727Z,
e00fce684891a6bbeceac064,P044AD348F3P5L6,pwt_0370,89883070000039844434,Boron,false,normal,4.2.0,40,2025-06-30T11:07:23.175Z,2025-07-03T09:10:31.273Z,
e00fce68d2de17f7d10f9fc0,B40HAD102E26AFY,pwt_0153,89014103273166802979,Boron,false,normal,4.2.0,40,2025-06-22T03:02:03.997Z,2025-06-22T17:10:11.252Z,
e00fce68158ef86d4bfd4eb9,B40TAD016FPNT8Y,pwt_0142,89014103272316840111,Boron,false,normal,4.2.0,40,2025-06-21T21:19:30.079Z,2025-06-22T00:01:42.379Z,
e00fce68554ef056211aa48c,B40HAB027HBWPNC,pwt_0155,89014103272316874193,Boron,false,normal,4.2.0,40,2025-06-17T10:17:48.695Z,2025-06-19T14:32:03.689Z,
e00fce68d3f705e4d5e7a058,P044AD349MCYTPV,pwt_0345,89883070000037585971,Boron,false,normal,4.2.0,40,2025-06-13T22:04:29.795Z,2025-06-15T17:56:37.333Z,
e00fce6881ea5435f944a7aa,B40HAD103BXLVKY,pwt_0136,89014103273166793798,Boron,false,normal,4.2.0,40,2025-06-09T07:34:55.832Z,2025-06-09T17:33:00.756Z,
e00fce68757923e812932343,B40HAD102T98WPN,pwt_0154,89014103273166792626,Boron,false,normal,4.2.0,40,2025-06-05T15:59:32.007Z,2025-06-05T16:24:01.499Z,
e00fce6871f1937d3efdacab,P044AD349N5WC4T,pwt_0340,89883070000039800600,Boron,false,normal,4.2.0,40,2025-06-04T12:38:36.799Z,2025-06-06T16:24:16.883Z,
e00fce683087db306b70c2e7,P044AD349NYSL2R,pwt_0347,89883070000037592019,Boron,false,normal,4.2.0,40,2025-06-03T01:03:50.410Z,2025-06-03T08:00:48.579Z,
e00fce683eaa6de3934b3210,P044AD3357BJE2Y,pwt_0220,89883070000037620059,Boron,false,normal,4.2.0,40,2025-05-26T12:41:51.046Z,2025-05-27T12:37:51.197Z,
e00fce68d1b1b0fa7553cc90,P044AD349VCGE8J,pwt_0430,89883070000037585682,Boron,false,normal,4.2.0,40,2025-05-22T02:36:30.989Z,2025-05-22T02:39:59.725Z,
e00fce681d52630714792f0c,P044AD349VPT95J,pwt_0427,89883070000039799794,Boron,false,normal,4.2.0,40,2025-05-22T02:28:32.671Z,2025-05-22T02:34:07.723Z,
e00fce68096ac98eaec53a70,P044AD3496UW2EK,pwt_0426,89883070000037585385,Boron,false,normal,4.2.0,40,2025-05-22T02:18:24.031Z,2025-05-22T02:22:07.740Z,
e00fce683ed602e5e0ad315f,P044AD34853WLAE,pwt_0425,89883070000039847825,Boron,false,normal,4.2.0,40,2025-05-22T02:10:36.169Z,2025-05-22T02:14:59.658Z,
e00fce68b9dd79b0bffea5fa,P044AD349A5JE9X,pwt_0424,89883070000037585393,Boron,false,normal,4.2.0,40,2025-05-22T02:01:49.389Z,2025-05-22T02:06:09.339Z,
e00fce68d7bfc3687edf3cb3,P044AD349J7ETU5,pwt_0423,89883070000040121269,Boron,false,normal,4.2.0,40,2025-05-22T01:55:33.142Z,2025-05-22T01:59:08.765Z,
e00fce68f99a060c8b8f11ea,P044AD349A7NG8C,pwt_0422,89883070000037586375,Boron,false,normal,4.2.0,40,2025-05-22T01:44:37.229Z,2025-05-22T01:49:07.407Z,
e00fce688cf6dc1de39ac0db,P044AD349YJ9CUF,pwt_0421,89883070000040121285,Boron,false,normal,4.2.0,40,2025-05-22T01:41:07.148Z,2025-05-22T01:44:15.631Z,
e00fce689a33a2fc7d8e9f3b,P044AD3492V8FTS,pwt_0420,89883070000037587001,Boron,false,normal,4.2.0,40,2025-05-22T01:38:31.548Z,2025-05-22T01:43:08.764Z,
e00fce685d40c4e6828be1b0,P044AD349MNBTYE,pwt_0419,89883070000037585351,Boron,false,normal,4.2.0,40,2025-05-22T01:34:55.241Z,2025-05-22T01:39:08.720Z,
e00fce68b6a49dcddffc9306,P044AD349347F9W,pwt_0418,89883070000040120147,Boron,false,normal,4.2.0,40,2025-05-22T01:29:50.673Z,2025-05-22T01:33:15.510Z,
e00fce681a91cbd6ea69b3db,P044AD349L7WFYR,pwt_0417,89883070000040122598,Boron,false,normal,4.2.0,40,2025-05-22T01:27:53.390Z,2025-05-22T01:31:52.586Z,
e00fce683a42b540e07ae19d,P044AD349G68SY4,pwt_0416,89883070000040126300,Boron,false,normal,4.2.0,40,2025-05-22T01:23:20.342Z,2025-05-22T01:26:59.650Z,
e00fce680e2c9cd577d445bb,P044AD349GDN2AX,pwt_0415,89883070000040119388,Boron,false,normal,4.2.0,40,2025-05-22T01:20:11.215Z,2025-05-22T01:24:07.346Z,
e00fce68d085d09bafb2b90c,P044AD349VGEBX2,pwt_0414,89883070000037593249,Boron,false,normal,4.2.0,40,2025-05-22T01:15:14.984Z,2025-05-22T01:20:15.506Z,
e00fce68a9eef9cf152ec432,P044AD349NA9LW2,pwt_0413,89883070000040118851,Boron,false,normal,4.2.0,40,2025-05-22T01:12:46.686Z,2025-05-22T01:17:07.345Z,
e00fce68a0e5ebe4f73f7bf6,P044AD349SNV3PU,pwt_0412,89883070000039847262,Boron,false,normal,4.2.0,40,2025-05-22T01:07:49.560Z,2025-05-22T01:11:52.584Z,
e00fce682baf8f269955405e,P044AD349MEPYCD,pwt_0410,89883070000037593645,Boron,false,normal,4.2.0,40,2025-05-22T00:57:21.589Z,2025-05-22T01:06:07.711Z,
e00fce6819854194d13fe9aa,P044AD349CMD36L,pwt_0409,89883070000040121830,Boron,false,normal,4.2.0,40,2025-05-22T00:53:47.505Z,2025-05-22T00:58:08.114Z,
e00fce6843bfed650c7dd6d3,P044AD349J6XEGF,pwt_0408,89883070000040121061,Boron,false,normal,4.2.0,40,2025-05-22T00:14:20.503Z,2025-05-22T00:55:08.715Z,
e00fce68cb60ae09988b6b5d,P044AD3484EHR5P,pwt_0405,89883070000040120121,Boron,false,normal,4.2.0,40,2025-05-21T19:10:01.809Z,2025-05-21T19:13:26.542Z,
e00fce6854a9d0d8f9ddc047,P044AD349J489BG,pwt_0404,89883070000039843246,Boron,false,normal,4.2.0,40,2025-05-21T19:08:32.353Z,2025-05-21T19:12:56.744Z,
e00fce680a81e89e5c203ce9,P044AD349U2GBXL,pwt_0403,89883070000040121038,Boron,false,normal,4.2.0,40,2025-05-21T19:03:18.830Z,2025-05-21T19:08:06.085Z,
e00fce68648bd41e6094c233,P044AD349E3TNW8,pwt_0402,89883070000040121889,Boron,false,normal,4.2.0,40,2025-05-21T19:00:45.221Z,2025-05-21T19:05:06.671Z,
e00fce68444fb1f9048cb5a6,P044AD2449UXPF6,pwt_0121,89883070000036166765,Boron,false,normal,4.2.0,40,2025-05-19T13:02:49.731Z,2025-05-20T00:46:57.647Z,
e00fce687c144e42da192b04,B40HAD1028TGSJF,pwt_0141,89014103273166789507,Boron,false,normal,4.2.0,40,2025-05-16T05:53:57.762Z,2025-05-17T07:18:05.812Z,
e00fce6809f1dc28092cb143,P044AD349D74TRS,pwt_0261,89883070000039846397,Boron,false,normal,4.2.0,40,2025-05-15T17:12:17.533Z,2025-05-17T23:18:00.627Z,
e00fce68f36696c9a5f92e54,B40HAD102WRDB86,pwt_0127,89014103273166791636,Boron,false,normal,4.2.0,40,2025-05-07T06:05:47.756Z,2025-05-09T08:47:14.638Z,
e00fce687f276573493327b8,P044AD349347R8G,pwt_0275,89883070000037636865,Boron,false,normal,4.2.0,40,2025-05-06T16:08:38.999Z,2025-05-07T16:47:36.048Z,
e00fce686b611a5fd8f81bf1,B40HAD102YNB259,pwt_0038,89014103273166797245,Boron,false,normal,4.2.0,40,2025-05-06T02:48:51.377Z,2025-05-06T02:49:32.250Z,
e00fce6873974019a56ed7c5,P044AD335CVDRXK,pwt_0214,89883070000037617360,Boron,false,normal,4.2.0,33,2025-04-29T04:32:43.527Z,2025-05-01T06:09:25.280Z,
e00fce688e6826589785f1ef,P044AD3498F79G6,pwt_0327,89883070000037590666,Boron,false,normal,4.2.0,33,2025-04-28T14:46:13.680Z,2025-04-30T14:13:17.523Z,
e00fce681f31baaaeb26a1b9,P044AD3498TM5J7,pwt_0357,89883070000037592852,Boron,false,normal,4.2.0,33,2025-04-22T13:44:30.342Z,2025-04-24T21:34:02.432Z,
e00fce6870cf13ad347327c3,P044AD349XTJ38H,pwt_0333,89883070000039841869,Boron,false,normal,4.2.0,40,2025-04-07T15:37:51.880Z,2025-04-08T16:47:22.510Z,
e00fce6836882c133abee375,P044AD3486BFW97,pwt_0391,89883070000039847486,Boron,false,normal,4.2.0,39,2025-04-04T18:40:57.151Z,2025-04-04T18:53:25.961Z,
e00fce68418ca7fe44e38d4c,P044AD348VJFRY9,pwt_0342,89883070000039845431,Boron,false,normal,4.2.0,33,2025-04-04T18:26:01.221Z,2025-04-04T18:26:26.371Z,
e00fce6865eb9e20df2b0466,P044AD349RJE4VY,pwt_0308,89883070000037591011,Boron,false,normal,4.2.0,33,2025-04-03T16:14:50.785Z,2025-04-05T08:00:26.204Z,
e00fce680e1f968e1cb4a872,P044AD244SX9E8R,pwt_0062,89883070000036148516,Boron,false,normal,4.2.0,33,2025-03-25T01:18:35.463Z,2025-03-27T02:02:11.273Z,
e00fce68e038e49333a53abe,P044AD335FWY6M8,pwt_0234,89883070000037615067,Boron,false,normal,4.2.0,undefined,2025-03-09T22:39:17.348Z,2025-03-11T03:28:04.576Z,
e00fce68d8ec9db5a6cf3dce,P044AD3353PANUG,pwt_0243,89883070000037620398,Boron,false,normal,4.2.0,undefined,2025-02-23T16:15:33.749Z,2025-02-26T04:36:43.552Z,
e00fce68b11987c51836b036,P044AD349763ELK,pwt_0337,89883070000039841976,Boron,false,normal,4.2.0,undefined,2025-02-16T23:14:55.800Z,2025-02-19T17:56:03.205Z,
e00fce6831efe9d395462825,P044AD2449TVY5J,pwt_0168,89883070000036144531,Boron,false,normal,4.2.0,undefined,2025-02-15T02:02:29.378Z,2025-02-15T08:47:05.485Z,
e00fce688f593619444d4ccc,P044AD349WX7PLS,pwt_0314,89883070000039844939,Boron,false,normal,4.2.0,undefined,2025-02-06T18:24:43.826Z,2025-02-07T03:51:10.462Z,
e00fce68c0622cc721055735,P044AD348WYPSR4,pwt_0368,89883070000037593470,Boron,false,normal,4.2.0,undefined,2025-01-31T03:24:58.997Z,2025-01-31T03:28:42.841Z,
e00fce68b4c5ecd5559cf960,P044AD34854CJYL,pwt_0362,89883070000040120972,Boron,false,normal,4.2.0,undefined,2025-01-31T00:44:26.655Z,2025-01-31T00:56:51.305Z,
e00fce682463aa4c1f24728c,P044AD3498U5MBS,pwt_0259,89883070000040121426,Boron,false,normal,4.2.0,undefined,2025-01-28T18:57:27.227Z,2025-01-30T06:32:49.941Z,
e00fce68e147bb96ca0a0b8c,P044AD348F3WPMD,pwt_0326,89883070000037584727,Boron,false,normal,4.2.0,undefined,2025-01-06T18:27:57.996Z,2025-01-06T22:28:26.161Z,
e00fce68355816a2568ede4f,P044AD3486FDUTC,pwt_0307,89883070000039800519,Boron,false,normal,4.2.0,undefined,2024-12-27T16:03:48.426Z,2024-12-28T02:41:29.992Z,
e00fce68199a5fa6f88613d5,P044AD309EMRPW8,pwt_0231,89883070000036199980,Boron,false,normal,4.2.0,undefined,2024-12-19T17:45:53.246Z,2024-12-20T08:24:03.374Z,
e00fce68dc60c0c64409dad6,B40HAD102MSYB2T,pwt_0040,89014103273166798771,Boron,false,normal,4.2.0,33,2024-12-02T23:19:28.903Z,2024-12-03T21:46:18.856Z,
e00fce6887ca39784f63bf52,P044AD349M7AEN4,pwt_0315,89883070000039847635,Boron,false,normal,4.2.0,undefined,2024-12-01T18:36:15.059Z,2024-12-02T14:32:17.363Z,
e00fce6869a839141752e2e8,P044AD349ND475S,pwt_0265,89883070000040121384,Boron,false,normal,4.2.0,undefined,2024-11-27T06:35:00.277Z,2024-11-28T03:51:04.701Z,
e00fce6873f6ca24a6243573,P044AD3094EX96G,pwt_0173,89883070000036199048,Boron,false,normal,4.2.0,undefined,2024-11-20T07:45:16.720Z,2024-11-21T16:46:49.700Z,
e00fce68e077719b33e26158,P044AD3493HREMJ,pwt_0355,89883070000039848161,Boron,false,normal,4.2.0,undefined,2024-11-19T09:20:42.162Z,2024-11-19T10:12:23.590Z,
e00fce68205f715c3edd3d08,P044AD3492CFLYD,pwt_0263,89883070000039848104,Boron,false,normal,4.2.0,undefined,2024-11-17T15:11:22.884Z,2024-11-20T09:56:04.852Z,
e00fce684e23f0bf111378b3,B40HAD1029DG42U,pwt_0034,89014103273166789788,Boron,false,normal,4.2.0,33,2024-11-05T06:31:04.414Z,2024-11-06T02:22:08.500Z,
e00fce68fc0abcf498c66fee,B40HAD1039PYKSV,pwt_0037,89014103272806322042,Boron,false,normal,4.2.0,33,2024-11-05T06:19:33.840Z,2024-11-06T08:00:57.559Z,
e00fce68d1932a8a5d91eb16,P044AD349GCXK6J,pwt_0300,89883070000037591433,Boron,false,normal,4.2.0,undefined,2024-10-31T21:42:38.417Z,2024-10-31T22:31:37.382Z,
e00fce68a9248081fbe7c3a1,P044AD3483CNPL6,pwt_0302,89883070000039800238,Boron,false,normal,4.2.0,undefined,2024-10-29T16:42:18.243Z,2024-10-29T16:42:46.143Z,
e00fce68eb2de5e1d9811de4,P044AD349SLAJ5X,pwt_0290,89883070000037585864,Boron,false,normal,4.2.0,undefined,2024-10-29T16:38:34.965Z,2024-10-31T14:09:22.977Z,
e00fce684b4864948839d504,P044AD3358W7MUK,pwt_0228,89883070000037623335,Boron,false,normal,4.2.0,undefined,2024-10-28T15:58:31.380Z,2024-10-30T04:14:41.648Z,
e00fce685bf29e75d41a0216,P044AD3353ACUNT,pwt_0197,89883070000037619291,Boron,false,normal,4.2.0,undefined,2024-10-25T03:35:15.420Z,2024-10-26T09:09:38.858Z,
e00fce68493001bf6ea4ab9e,P044AD244PR2Y89,pwt_0066,89883070000036151411,Boron,false,normal,4.2.0,undefined,2024-10-23T21:03:05.029Z,2024-10-26T02:42:37.941Z,
e00fce68b66c6271266005ec,P044AD349E2TULG,pwt_0301,89883070000037587035,Boron,false,normal,4.2.0,undefined,2024-10-23T17:35:40.022Z,2024-10-25T14:09:25.483Z,
e00fce68f2f08d643f5c0b7e,P044AD3493HKCBT,pwt_0269,89883070000037589668,Boron,false,normal,4.2.0,undefined,2024-10-22T14:23:52.324Z,2024-10-23T18:42:02.939Z,
e00fce68a6f446da04bb5cd5,B40HAD1026EFN82,pwt_0008,89014103273166798755,Boron,false,normal,4.2.0,33,2024-10-21T22:26:49.444Z,2024-10-21T22:28:29.790Z,
e00fce68e106e6a3f68779dc,P044AD3497L2TRE,pwt_0266,89883070000039843766,Boron,false,normal,4.2.0,undefined,2024-10-21T22:03:58.497Z,2024-10-22T05:00:23.848Z,
e00fce68504f474d5a18f152,P044AD3355SR3VB,pwt_0241,89883070000037143862,Boron,false,normal,4.2.0,undefined,2024-10-09T14:47:36.534Z,2024-10-11T00:23:30.577Z,
e00fce68d6a742a76f4943f0,P044AD3496AJ3RY,pwt_0250,89883070000039846116,Boron,false,normal,4.2.0,undefined,2024-09-30T13:14:42.143Z,2024-09-30T15:33:19.600Z,
e00fce689278ef4e2751c172,P044AD335H2Y9GS,pwt_0203,89883070000037615836,Boron,false,normal,4.2.0,undefined,2024-09-24T00:01:55.153Z,2024-09-24T09:56:03.150Z,
e00fce6843a9bd90d7f6a970,P044AD349SUNT5C,pwt_0247,89883070000039841471,Boron,false,normal,4.2.0,undefined,2024-09-23T05:19:53.911Z,2024-09-25T07:30:43.619Z,
e00fce688acffecedcae194e,P044AD3099DSMVF,pwt_0108,89883070000013201064,Boron,false,normal,4.2.0,undefined,2024-09-16T16:00:58.549Z,2024-09-18T16:00:48.973Z,
e00fce68322b48da4809c015,P044AD244GWN3YX,pwt_0067,89883070000036168548,Boron,false,normal,4.2.0,undefined,2024-09-14T18:46:31.023Z,2024-09-15T15:32:46.629Z,
e00fce68c0f40e4df1ac1abb,P044AD309MS75WP,pwt_0106,89883070000036202891,Boron,false,normal,4.2.0,undefined,2024-08-23T06:03:30.223Z,2024-08-24T16:00:57.368Z,
e00fce6820e6659361480d52,P044AD34827VL4C,pwt_0292,89883070000037591417,Boron,false,normal,4.2.0,undefined,2024-08-21T00:31:30.105Z,2024-08-21T00:36:17.792Z,
e00fce68f73df0f55ce2bf5c,P044AD349563TUX,pwt_0256,89883070000039841174,Boron,false,normal,4.2.0,undefined,2024-08-13T23:20:55.284Z,2024-08-14T19:06:04.892Z,
e00fce683a76c5c7bb39b356,P044AD244UC6VEG,pwt_0094,89883070000036172813,Boron,false,normal,4.2.0,undefined,2024-08-05T18:00:33.994Z,2024-08-06T14:09:53.171Z,
e00fce680b509b83909bd806,P044AD3492NFVTL,pwt_0257,89883070000039844558,Boron,false,normal,4.2.0,undefined,2024-07-31T16:30:15.199Z,2024-08-02T18:28:52.778Z,
e00fce685622ac29baa11051,P044AD335RFTJC5,pwt_0213,89883070000037621032,Boron,false,normal,4.2.0,undefined,2024-07-30T19:50:11.585Z,2024-07-30T22:20:31.752Z,
e00fce6844a06ca0f35350c6,P044AD349GK2S4J,pwt_0267,89883070000037592712,Boron,false,normal,4.2.0,undefined,2024-07-28T19:48:22.640Z,2024-07-28T19:51:25.841Z,
e00fce68ee15ba1b690ce4de,P044AD349TXAJHM,pwt_0251,89883070000040120451,Boron,false,normal,4.2.0,undefined,2024-07-23T16:15:00.397Z,2024-07-24T19:05:24.795Z,
e00fce687cec33e7b763f7f1,P044AD3498NGS3J,pwt_0248,89883070000039841935,Boron,false,normal,4.2.0,undefined,2024-07-23T14:48:26.041Z,2024-07-23T14:49:16.414Z,
e00fce68092a8b21b31cdc86,P044AD335DB5E7Y,pwt_0240,89883070000037617600,Boron,false,normal,4.2.0,undefined,2024-07-21T18:41:12.577Z,2024-07-23T13:22:15.243Z,
e00fce68511ec35787e2866a,P044AD335L958N3,pwt_0225,89883070000037615737,Boron,false,safe-mode,4.0.2,undefined,2024-07-17T15:23:47.463Z,2024-07-17T15:23:47.463Z,
e00fce683787720dc96397fb,P044AD349JRU8NB,pwt_0264,89883070000039847981,Boron,false,normal,4.2.0,undefined,2024-07-02T23:04:30.666Z,2024-07-02T23:08:55.829Z,
e00fce6808866a8ae42b615d,P044AD335E73SXW,pwt_0205,89883070000037616040,Boron,false,normal,4.2.0,undefined,2024-06-28T14:03:11.423Z,2024-07-01T08:00:30.190Z,
e00fce68e65d97e3a61cc301,P044AD335UX29MF,pwt_0238,89883070000037615018,Boron,false,normal,4.0.2,undefined,2024-06-18T18:39:37.829Z,2024-06-18T18:44:23.482Z,
e00fce68d091e461efda3c40,P044AD309XC978D,pwt_0237,89883070000036202875,Boron,false,normal,4.0.2,undefined,2024-06-18T18:34:30.897Z,2024-06-18T18:38:22.204Z,
e00fce68332ec0027d648219,P044AD335YS27LW,pwt_0221,89883070000037392782,Boron,false,normal,4.0.2,undefined,2024-06-18T12:32:35.425Z,2024-06-19T19:51:24.003Z,
e00fce687dd4b43fb372d07f,B40HAD102GL9WAD,pwt_0160,89014103273166799951,Boron,false,normal,4.0.2,21,2024-04-30T19:11:18.483Z,2024-05-03T17:33:40.382Z,
e00fce68bfcebad99752d267,P044AD335AMFJBE,pwt_0196,89883070000037616339,Boron,false,normal,4.2.0,undefined,2024-04-30T14:47:54.398Z,2024-04-30T14:58:41.135Z,
e00fce681ec7b8bcfefbfd4b,P044AD335B6KV5F,pwt_0194,89883070000037620091,Boron,false,normal,4.0.2,undefined,2024-03-26T17:55:43.446Z,2024-03-26T17:56:48.712Z,
e00fce68645038403eb24193,P044AD309EXM4BT,pwt_0172,89883070000013200397,Boron,false,normal,4.0.2,undefined,2024-03-03T19:09:31.759Z,2024-03-04T19:27:48.147Z,
e00fce682da44650d973c321,P044AD309AWBH3V,pwt_0105,89883070000013199649,Boron,false,normal,4.0.2,undefined,2024-02-20T08:00:18.163Z,2024-02-23T01:09:56.335Z,
e00fce6856fdd413f55d2c65,P006VN0015KJ24H,pwt_0044,89014103272321816106,BSeries,true,normal,4.2.0,40,2025-10-24T05:01:40.324Z,2025-10-24T05:11:43.796Z,
e00fce6853a8a643b28b20ef,P033AD131FXY8SW,pwt_0091,89883070000010859534,BSeries,true,normal,4.2.0,40,2025-10-24T05:00:06.026Z,2025-10-24T05:00:42.728Z,
e00fce68630c5e3878dadf92,P033AD2269C6384,pwt_0187,89883070000023279464,BSeries,true,normal,4.2.0,40,2025-10-24T04:19:25.042Z,2025-10-24T04:58:17.762Z,
e00fce689a250e5c0d49c240,P042AD236A9V6D5,pwt_0100,89883070000023329624,BSeries,true,normal,4.2.0,40,2025-10-24T03:31:39.305Z,2025-10-24T05:04:42.739Z,
e00fce6813734618bc85939c,P006AB028PT5E9N,pwt_0162,89014103272316707013,BSeries,true,normal,4.2.0,40,2025-10-24T02:39:29.682Z,2025-10-24T04:59:17.696Z,
e00fce6896086df1e51335b3,P033AD228NRVBLS,pwt_0188,89883070000023340472,BSeries,false,normal,4.2.0,40,2025-10-24T02:31:44.929Z,2025-10-24T02:40:18.316Z,
e00fce68a14b2ba7e11070e9,P006VN001R8VL43,pwt_0029,89014103272321814424,BSeries,true,normal,4.2.0,40,2025-10-24T01:36:03.377Z,2025-10-24T05:03:42.811Z,
e00fce68b391747f5eee1f3f,P006AB0283HBDWT,pwt_0035,89014103272316704606,BSeries,false,normal,4.2.0,40,2025-10-24T01:27:26.125Z,2025-10-24T01:37:05.229Z,
e00fce6858550d4504508ec7,P006VN001BX6RK7,pwt_0128,89014103272321814416,BSeries,true,normal,4.2.0,40,2025-10-23T22:01:26.402Z,2025-10-24T04:59:42.806Z,
e00fce68e6e0d46b0649db96,P006AB028LHWRTK,pwt_0015,89014103272316706502,BSeries,true,normal,4.2.0,40,2025-10-23T21:46:46.567Z,2025-10-24T04:59:43.015Z,
e00fce685296472998d4833a,P006AD136YLNV7K,pwt_0116,89014103273467987701,BSeries,true,normal,4.2.0,40,2025-10-23T21:46:27.664Z,2025-10-24T05:00:43.064Z,
e00fce68049210f9eb79e7ac,P033AD131WPCBA2,pwt_0097,89883070000010861258,BSeries,true,normal,4.2.0,40,2025-10-23T21:27:15.736Z,2025-10-24T05:00:17.698Z,
e00fce68516fcf615d3f89c9,P006VN0019K32BD,pwt_0144,89014103272321815801,BSeries,true,normal,4.2.0,40,2025-10-23T21:23:47.548Z,2025-10-24T04:59:47.132Z,
e00fce68f83df624179c5ee3,P006AB028R5D6J9,pwt_0152,89014103272316864483,BSeries,true,normal,4.2.0,40,2025-10-23T21:21:59.302Z,2025-10-24T05:06:18.509Z,
e00fce682242b9f6dd5932f9,P006AD136CV45HL,pwt_0090,89014103273467987669,BSeries,true,normal,4.2.0,40,2025-10-23T21:18:40.705Z,2025-10-24T05:00:13.952Z,
e00fce6858727d373c795ce1,P006AD1359WLBCP,pwt_0110,89014103273467987479,BSeries,true,normal,4.2.0,40,2025-10-23T21:09:16.959Z,2025-10-24T05:00:18.537Z,
e00fce68fb85c6f679ec33da,P033AD226D87HX4,pwt_0178,89883070000021682388,BSeries,true,normal,4.2.0,40,2025-10-23T21:02:43.855Z,2025-10-24T05:08:17.957Z,
e00fce684429a5379a70a1e7,P006AD1357EM9J3,pwt_0092,89014103273467988642,BSeries,true,normal,4.2.0,40,2025-10-23T21:02:28.142Z,2025-10-24T05:00:18.054Z,
e00fce681d6d77415d06e095,P006AB028KAJ64C,pwt_0017,89014103272316706684,BSeries,true,normal,4.2.0,40,2025-10-23T20:57:01.858Z,2025-10-24T04:59:42.810Z,
e00fce68d273645cb46baf4b,P006AB028XDASUT,pwt_0163,89014103272316703806,BSeries,true,normal,4.2.0,40,2025-10-23T20:56:18.712Z,2025-10-24T04:59:42.806Z,
e00fce68297b216a5312afbd,P006VN0017NF9RP,pwt_0013,89014103272321814366,BSeries,true,normal,4.2.0,40,2025-10-23T20:54:25.559Z,2025-10-24T04:59:42.727Z,
e00fce681f8c3fdd4dba74aa,P033AD226W4RV2N,pwt_0183,89883070000023347915,BSeries,true,normal,4.2.0,40,2025-10-23T20:52:57.000Z,2025-10-24T05:00:17.681Z,
e00fce68a996755c59370e49,P033AD1065ALM29,pwt_0021,89883070000008779264,BSeries,true,normal,4.2.0,40,2025-10-23T20:51:11.192Z,2025-10-24T04:59:42.894Z,
e00fce680b78b55ae15ec014,P006AD1369VGEUT,pwt_0089,89014103273467988253,BSeries,true,normal,4.2.0,40,2025-10-23T20:49:05.283Z,2025-10-24T04:59:44.052Z,
e00fce684acce4c8fceda615,P042AD236BL43X2,pwt_0077,89883070000023329426,BSeries,true,normal,4.2.0,40,2025-10-23T20:47:30.874Z,2025-10-24T05:00:17.763Z,
e00fce68827eca045823dd3d,P033AD106DLWKTE,pwt_0026,89883070000008779975,BSeries,true,normal,4.2.0,40,2025-10-23T20:45:34.700Z,2025-10-24T04:59:44.980Z,
e00fce68c80782861bf1997d,P006AB0284H7VTL,pwt_0011,89014103272316704085,BSeries,true,normal,4.2.0,40,2025-10-23T20:36:54.677Z,2025-10-24T05:00:17.997Z,
e00fce68f0a7e1596d5dfb1e,P033AD1064TYDF2,pwt_0073,89883070000008779769,BSeries,true,normal,4.2.0,40,2025-10-23T20:35:20.466Z,2025-10-24T04:59:37.287Z,
e00fce68e11356d71066d369,P006AD135Y8G4BA,pwt_0099,89014103273467988311,BSeries,true,normal,4.2.0,40,2025-10-23T20:33:57.275Z,2025-10-24T05:03:43.065Z,
e00fce685a1c4c5319f5a3c8,P033AD131BM59X4,pwt_0078,89883070000010863296,BSeries,true,normal,4.2.0,40,2025-10-23T20:33:49.263Z,2025-10-24T05:03:47.134Z,
e00fce68f469320439dd924c,P033AD13168RX4E,pwt_0047,89883070000010859609,BSeries,true,normal,4.2.0,40,2025-10-23T20:32:58.569Z,2025-10-24T05:00:17.763Z,
e00fce682b11e1dd2e6515f1,P033AD228C79DMV,pwt_0180,89883070000021690076,BSeries,true,normal,4.2.0,40,2025-10-23T20:08:53.376Z,2025-10-24T05:00:17.698Z,
e00fce68abd212f9097db784,P033AD226Y7GJD4,pwt_0191,89883070000023429960,BSeries,true,normal,4.2.0,40,2025-10-23T19:53:05.601Z,2025-10-24T04:59:44.980Z,
e00fce683111e3dee63ab34b,P006VN001JFYMEN,pwt_0140,89014103272321814978,BSeries,true,normal,4.2.0,40,2025-10-23T19:37:04.717Z,2025-10-24T04:59:18.054Z,
e00fce689358aa02be0f8243,P033AD131RHF7EV,pwt_0096,89883070000010861381,BSeries,true,normal,4.2.0,40,2025-10-23T19:34:48.084Z,2025-10-24T05:00:17.763Z,
e00fce680fe691f88eedf20c,P006AD135RKAU4N,pwt_0045,89014103273467986505,BSeries,true,normal,4.2.0,40,2025-10-23T19:18:11.633Z,2025-10-24T04:59:17.977Z,
e00fce687f31eec71670e841,P033AD228JH7VUR,pwt_0182,89883070000023274531,BSeries,true,normal,4.2.0,40,2025-10-23T19:05:52.346Z,2025-10-24T05:05:43.105Z,
e00fce68b414fddedef9179d,P042AD236CYUA3D,pwt_0102,89883070000023329285,BSeries,true,normal,4.2.0,40,2025-10-23T18:56:21.231Z,2025-10-24T04:59:47.132Z,
e00fce68157824f6145d34ef,P033AD2267M5DAW,pwt_0112,89883070000023333725,BSeries,true,normal,4.2.0,40,2025-10-23T13:30:59.513Z,2025-10-24T05:00:13.952Z,
e00fce68d7baac9efdc8e72e,P006AD1365G9YSC,pwt_0098,89014103273467988493,BSeries,false,normal,4.2.0,40,2025-10-23T11:10:34.354Z,2025-10-23T11:10:40.853Z,
e00fce687b944d601c3f2315,P033AD131BDJ5K6,pwt_0080,89883070000010862462,BSeries,true,normal,4.2.0,40,2025-10-23T08:54:13.190Z,2025-10-24T04:59:42.806Z,
e00fce688ebb5ec554549cc7,P033AD226FJHP6G,pwt_0103,89883070000023334178,BSeries,true,normal,4.2.0,40,2025-10-23T06:22:22.729Z,2025-10-24T04:59:56.748Z,
e00fce68c4100ccbc4e89b76,P033AD106J4W6MH,pwt_0055,89883070000008779090,BSeries,true,normal,4.2.0,40,2025-10-23T05:22:06.493Z,2025-10-24T05:00:18.537Z,
e00fce68c67ebc2a3bc959a7,P033AD1312DTULA,pwt_0054,89883070000010859237,BSeries,true,normal,4.2.0,40,2025-10-23T03:46:41.203Z,2025-10-24T05:00:19.205Z,
e00fce68fd33490d5bd0bd68,P033AD131JVBL2R,pwt_0071,89883070000010862728,BSeries,true,normal,4.2.0,40,2025-10-23T03:36:46.888Z,2025-10-24T05:00:48.905Z,
e00fce684d5cd664113a4024,P033AD226NFJA93,pwt_0113,89883070000021680879,BSeries,true,normal,4.2.0,40,2025-10-23T03:19:21.986Z,2025-10-24T05:00:43.015Z,
e00fce6843a29e5b2db5330f,P033AD106C8WEBK,pwt_0022,89883070000008777888,BSeries,true,normal,4.2.0,40,2025-10-23T00:40:53.119Z,2025-10-24T05:00:42.728Z,
e00fce680d0a2932e3789785,P033AD106MC9KLN,pwt_0024,89883070000008778886,BSeries,true,normal,4.2.0,40,2025-10-22T19:23:41.291Z,2025-10-24T05:00:17.456Z,
e00fce681d53917c4a1f7987,P006VN001DRCEX8,pwt_0014,89014103272321811602,BSeries,true,normal,4.2.0,40,2025-10-22T14:51:16.009Z,2025-10-24T04:59:17.457Z,
e00fce682998a19974b08416,P033AD106JENUFM,pwt_0006,89883070000008778928,BSeries,true,normal,4.2.0,40,2025-10-22T09:09:06.809Z,2025-10-24T04:59:42.894Z,
e00fce688d19e1d7690c7e58,P033AD228SX2UF8,pwt_0184,89883070000023274614,BSeries,true,normal,4.2.0,40,2025-10-22T07:18:50.033Z,2025-10-24T05:00:18.155Z,
e00fce68995b1a71b7f95903,P033AD106RAKMYL,pwt_0074,89883070000008780627,BSeries,true,normal,4.2.0,40,2025-10-22T05:04:44.484Z,2025-10-24T04:59:48.905Z,
e00fce6854895103a4d0eb44,P033AD228SLJGUF,pwt_0189,89883070000013764947,BSeries,true,normal,4.2.0,40,2025-10-22T03:54:25.976Z,2025-10-24T05:00:17.763Z,
e00fce688b4339ddfa0f1d52,P033AD228DWVLCB,pwt_0192,89883070000023280306,BSeries,false,normal,4.2.0,40,2025-10-21T23:14:34.930Z,2025-10-21T23:38:15.491Z,
e00fce681e7cfc8824581a69,P006VN001RXKVCN,pwt_0012,89014103272321812063,BSeries,true,normal,4.2.0,40,2025-10-21T20:37:13.368Z,2025-10-24T05:13:17.957Z,
e00fce68e8d7ac09e8aa9bc9,P033AD1065UJ9AV,pwt_0023,89883070000008779785,BSeries,true,normal,4.2.0,40,2025-10-21T20:14:40.312Z,2025-10-24T04:59:43.065Z,
e00fce6839055d2ab63ff14d,P006VN001BXGC2J,pwt_0019,89014103272321815520,BSeries,true,normal,4.2.0,40,2025-10-21T18:37:55.819Z,2025-10-24T05:00:17.997Z,
e00fce684b3f8fbf25a01bd5,P006AD1367YNER5,pwt_0088,89014103273467988956,BSeries,true,normal,4.2.0,40,2025-10-21T15:50:42.737Z,2025-10-24T05:00:15.364Z,
e00fce68e7d4ab7d9423119d,P033AD228ARWD9Y,pwt_0190,89883070000023280348,BSeries,true,normal,4.2.0,40,2025-10-21T10:10:33.780Z,2025-10-24T05:00:11.407Z,
e00fce6845b415eef739ba58,P033AD13158MWBY,pwt_0095,89883070000010860078,BSeries,true,normal,4.2.0,40,2025-10-21T09:31:21.463Z,2025-10-24T04:59:56.576Z,
e00fce68cf64dcae42bcfd24,P006AB0289LET4C,pwt_0123,89014103272316704218,BSeries,false,normal,4.2.0,40,2025-10-20T20:30:26.822Z,2025-10-22T14:33:00.972Z,
e00fce68b52a42d9500cb1e8,P033AD226EPVNLD,pwt_0179,89883070000023276718,BSeries,false,normal,4.2.0,40,2025-10-20T20:22:02.300Z,2025-10-20T20:23:40.455Z,
e00fce686ee05c8ca299e67e,P033AD106LHP5MX,pwt_0079,89883070000008779629,BSeries,false,normal,4.2.0,40,2025-10-16T06:01:46.114Z,2025-10-16T06:02:03.233Z,
e00fce684d5543f171e38d3d,P042AD2366DMS79,pwt_0115,89883070000023329723,BSeries,false,normal,4.2.0,40,2025-10-07T06:52:44.815Z,2025-10-07T09:33:10.762Z,
e00fce6898f3bb97bd51f6f8,P033AD226XSV9BP,pwt_0181,89883070000023334657,BSeries,false,normal,4.2.0,40,2025-10-04T03:35:35.460Z,2025-10-04T17:59:42.071Z,
e00fce680566d7e374e0fe37,P006AD136P9G5CE,pwt_0111,89014103273467985317,BSeries,false,normal,4.2.0,40,2025-09-19T15:01:34.817Z,2025-09-19T15:24:40.503Z,
e00fce68b71c5f4301d2ace5,P033AD22678S9TM,pwt_0177,89883070000023334459,BSeries,false,normal,4.2.0,40,2025-08-01T15:18:44.192Z,2025-08-01T21:00:31.576Z,
e00fce6895ea071a43b3ca05,P033AD228JFMRXT,pwt_0193,89883070000023340498,BSeries,false,normal,4.2.0,40,2025-08-01T12:02:56.209Z,2025-08-01T14:21:48.974Z,
e00fce688dd71665397ec6c1,P033AD1312DPLGE,pwt_0058,89883070000010863510,BSeries,false,normal,4.2.0,40,2025-07-30T19:31:36.432Z,2025-08-01T15:18:28.104Z,
e00fce68ad2ab28287acde7b,P033AD2263PWRYL,pwt_0185,89883070000023345968,BSeries,false,normal,4.2.0,40,2025-07-23T20:57:53.071Z,2025-07-23T20:58:00.338Z,
e00fce68843c2bb7863b0822,P033AD106VNE2KW,pwt_0025,89883070000008780817,BSeries,false,normal,4.2.0,40,2025-07-14T18:08:07.037Z,2025-07-14T18:37:45.066Z,
e00fce68c37a74653fcef409,P033AD106U42DS9,pwt_0075,89883070000008780031,BSeries,false,normal,4.2.0,40,2025-07-05T12:27:20.787Z,2025-07-06T17:14:49.879Z,
e00fce680966ebb48073d66b,P033AD228SXW9J2,pwt_0186,89883070000023277021,BSeries,false,normal,4.2.0,40,2025-06-24T17:07:34.992Z,2025-06-27T15:45:37.779Z,
e00fce6869a95188b86a2298,P042AD236RLJKH5,pwt_0101,89883070000023329533,BSeries,false,normal,4.2.0,40,2025-06-11T07:36:29.485Z,2025-06-12T21:12:38.679Z,
e00fce6841209cf9059d8d2e,P006VN0016B9KM3,pwt_0007,89014103272321811982,BSeries,false,normal,4.2.0,33,2025-03-07T20:04:08.728Z,2025-03-07T20:36:54.829Z,
e00fce68cf18fea98fd2e9ce,P006VN0015J3LR8,pwt_0018,89014103272321813228,BSeries,false,normal,4.2.0,33,2025-01-28T19:44:13.789Z,2025-01-28T19:44:33.686Z,
e00fce689f2962457887db4b,P033AD226BGXVLD,pwt_0114,89883070000023333980,BSeries,false,normal,4.0.2,undefined,2024-01-11T17:20:48.967Z,2024-01-11T19:39:20.807Z,
e00fce68813e486627aca22d,P006AD136FR67JA,pwt_0169,89014103273467985879,BSeries,false,safe-mode,1.4.2,undefined,2023-12-05T21:43:23.122Z,2023-12-05T21:49:56.848Z,
e00fce688913eb5430d96ef9,P006AD136G5R2CP,pwt_0117,89014103273467985358,BSeries,false,normal,1.4.2,undefined,2023-09-30T19:57:28.154Z,2023-09-30T19:58:14.594Z,
e00fce68a91a58821623b98a,P006AD136THYMWC,pwt_0076,89014103273467989517,BSeries,false,normal,1.4.2,undefined,2023-04-11T19:15:57.562Z,2023-04-11T19:16:42.998Z,
e00fce683753f0bdb3162410,P006AD135R2NT3X,pwt_0072,89014103273467986075,BSeries,false,normal,1.4.2,undefined,2023-04-11T19:01:22.970Z,2023-04-11T19:01:45.666Z,
e00fce681715d4bb654040fc,P006AD136BPDL6K,pwt_0070,89014103273467989137,BSeries,false,normal,4.0.2,undefined,2023-04-11T18:46:58.652Z,2023-04-11T18:52:46.575Z,
e00fce680191dda5f7403964,P006AD136G962VD,pwt_0069,89014103273467985952,BSeries,false,safe-mode,1.4.2,undefined,2023-04-11T18:24:52.502Z,2023-04-11T18:28:46.853Z,
e00fce680f303ec11165d9cc,P033AD1313UTFYG,pwt_0056,89883070000010859716,BSeries,false,normal,4.0.1,16,2023-03-31T14:14:14.168Z,2023-04-03T04:14:42.194Z,
e00fce68ae1a8a1163944da2,P006AB028ALT6N3,pwt_0005,89014103272316865811,BSeries,false,normal,4.0.1,16,2022-12-15T15:02:37.704Z,2022-12-15T15:05:17.777Z,
e00fce68b22501d3fb27d005,P006AB028AN73W8,pwt_0046,89014103272316867874,BSeries,false,normal,2.0.1,15,2022-11-28T16:51:39.447Z,2022-11-28T16:52:26.604Z,
e00fce68aadf044ed54dd443,P006AB0286CL5YB,pwt_0147,89014103272316704994,BSeries,false,normal,2.0.1,15,2021-07-20T16:10:47.282Z,2021-07-21T00:46:58.692Z,
e00fce68c42d8d0b3a8d019a,P044AD349A7EKLJ,pwt_0428,89883070000037587613,Boron,true,normal,4.2.0,201,2025-10-23T20:02:39.550Z,2025-10-24T05:04:17.768Z,
e00fce682b4eb9b45824f8a8,P044AD307R8HTWE,pwt_0443,89883070000013095078,Boron,false,normal,4.2.0,145,2025-10-22T02:45:23.022Z,2025-10-22T02:48:02.890Z,
e00fce68a5f2121ec55d5217,P044AD309JY86AB,pwt_0442,89883070000013203391,Boron,false,normal,4.2.0,145,2025-10-22T02:35:02.356Z,2025-10-22T02:47:36.119Z,
e00fce68dedca7f25ff82715,P044AD348VGWT32,pwt_0373,89883070000039844459,Boron,false,normal,4.2.0,145,2025-09-26T00:56:02.464Z,2025-09-26T17:56:52.812Z,
e00fce687fcf07b2719c3629,P044AD349DT46J5,pwt_0407,89883070000037586631,Boron,false,normal,4.2.0,145,2025-09-17T19:58:49.169Z,2025-09-18T14:33:58.746Z,
e00fce68f0d30fbb5316cf96,P044AD349JBDXPM,pwt_0411,89883070000039847254,Boron,false,normal,4.2.0,33,2025-08-29T15:29:42.142Z,2025-08-29T16:10:03.508Z,
e00fce68198156b926ed7f21,P044AD349VJ8MLK,pwt_0406,89883070000040121855,Boron,false,normal,4.2.0,145,2025-08-29T14:57:58.693Z,2025-08-29T14:58:23.845Z,
e00fce68a609534c146521d7,P044AD348UG3JSY,pwt_0361,89883070000040121012,Boron,false,normal,4.2.0,145,2025-08-13T22:27:43.145Z,2025-08-13T22:28:55.627Z,
e00fce68083fbd86761e9daa,P044AD3496KBHU9,pwt_0429,89883070000037593264,Boron,false,normal,4.2.0,145,2025-08-04T12:13:03.315Z,2025-08-07T06:09:05.375Z,
e00fce68e7e2af9ebc4520e2,B40HAD1026YEN5T,pwt_0462,89014103273166791669,Boron,false,normal,4.2.0,41,2025-11-19T19:29:11.201Z,2025-11-19T23:05:21.423Z,
e00fce6896b7376de23b7e0a,B40HAD1024DYH9W,pwt_0461,89014103273166795447,Boron,false,normal,6.3.3,undefined,2025-11-03T14:52:00.409Z,2025-11-03T14:53:17.211Z,
e00fce686e6ad6148f8f79e1,P044AD3484SVJFP,pwt_0460,89883070000040120709,Boron,false,normal,6.3.3,40,2025-11-03T03:56:10.590Z,2025-11-03T03:57:15.023Z,
e00fce687d3de5d113ddbf5e,P044AD348XVT5EH,pwt_0459,89883070000039843386,Boron,false,normal,6.3.3,40,2025-11-03T03:54:21.305Z,2025-11-03T03:55:43.569Z,
e00fce685e89d8e0a9c28be6,P044AD348GC97HN,pwt_0458,89883070000039800493,Boron,false,normal,6.3.3,40,2025-11-03T03:49:02.277Z,2025-11-03T03:50:43.458Z,
e00fce6872cef78de594a0e0,P044AD348VG3H56,pwt_0457,89883070000039802630,Boron,false,normal,6.3.3,40,2025-11-03T03:46:35.784Z,2025-11-03T03:48:11.488Z,
e00fce6829cfe049515b3249,P044AD349MB4HGL,pwt_0456,89883070000037590450,Boron,false,normal,6.3.3,40,2025-11-03T03:41:19.529Z,2025-11-03T03:43:12.116Z,
e00fce68c8c943f05ac82402,P044AD349X4VB9E,pwt_0455,89883070000037590278,Boron,false,normal,6.3.3,40,2025-11-03T03:38:51.071Z,2025-11-03T03:40:15.895Z,
e00fce68ac32810650984d32,P044AD3489Y82MF,pwt_0454,89883070000040120063,Boron,false,normal,6.3.3,40,2025-11-03T03:34:18.106Z,2025-11-03T03:36:11.131Z,
e00fce680acbc0f8e70ba94d,P044AD3487D5XFR,pwt_0453,89883070000039801152,Boron,false,normal,6.3.3,40,2025-11-03T03:32:56.186Z,2025-11-03T03:34:26.508Z,
e00fce6853b6268444624d7b,P044AD307LFDTXV,pwt_0452,89883070000013096746,Boron,false,normal,6.3.3,40,2025-11-03T03:27:54.988Z,2025-11-03T03:29:13.388Z,
e00fce68345d8e6f038b2455,P044AD307UY897E,pwt_0451,89883070000013101686,Boron,false,normal,6.3.3,40,2025-11-03T03:20:46.585Z,2025-11-03T03:22:22.123Z,
e00fce68bd965d076b52cbfc,P044AD3092CTR37,pwt_0450,89883070000021702731,Boron,false,normal,6.3.3,40,2025-11-01T18:41:36.842Z,2025-11-01T18:43:38.373Z,
e00fce6869b93a1f236380a6,P044AD307BNYU57,pwt_0449,89883070000037492079,Boron,false,normal,6.3.3,40,2025-11-01T18:33:05.456Z,2025-11-01T18:35:12.149Z,
e00fce6835a18a0a0b26867a,P044AD309DN2VJW,pwt_0448,89883070000013197940,Boron,false,normal,6.3.3,40,2025-11-01T18:26:59.620Z,2025-11-01T18:28:38.885Z,
e00fce68e6087db17982c527,P044AD309EMHVP7,pwt_0447,89883070000021704026,Boron,false,normal,6.3.3,40,2025-11-01T18:18:49.722Z,2025-11-01T18:20:39.650Z,
e00fce681b2a9e1ef382ade8,P044AD309VPUBG7,pwt_0446,89883070000021705270,Boron,false,normal,6.3.3,40,2025-11-01T18:01:44.744Z,2025-11-01T18:04:10.872Z,
e00fce68bca81280392d3441,P044AD309HKB85L,pwt_0445,89883070000021704729,Boron,false,normal,6.3.3,40,2025-11-01T17:48:32.356Z,2025-11-01T17:53:09.122Z,
e00fce6840aca445f18b8139,P044AD335DXP7WK,pwt_0444,89883070000037616057,Boron,false,normal,4.2.0,145,2025-10-31T04:12:17.696Z,2025-10-31T04:47:35.939Z,
